PDB ID,Chain ID,Entity ID,Uniprot Acc
"1A0I","A","1","P00969"
"1A49","C","1","P11974"
"1A49","F","1","P11974"
"1A49","A","1","P11974"
"1A49","D","1","P11974"
"1A49","G","1","P11974"
"1A49","B","1","P11974"
"1A49","E","1","P11974"
"1A49","H","1","P11974"
"1A5U","C","1","P11974"
"1A5U","F","1","P11974"
"1A5U","A","1","P11974"
"1A5U","D","1","P11974"
"1A5U","G","1","P11974"
"1A5U","B","1","P11974"
"1A5U","E","1","P11974"
"1A5U","H","1","P11974"
"1A82","A","1","P13000"
"1AQ2","A","1","P22259"
"1ASZ","A","2","P04802"
"1ASZ","S","1",""
"1ASZ","B","2","P04802"
"1ASZ","R","1",""
"1ATN","A","1","P68135"
"1ATN","D","2","P00639"
"1ATP","E","1","P05132"
"1ATP","I","2","P63248"
"1AYL","A","1","P22259"
"1B0U","A","1","P02915"
"1B38","A","1","P24941"
"1B39","A","1","P24941"
"1B76","A","1","P56206"
"1B76","B","1","P56206"
"1B8A","A","1","Q52428"
"1B8A","B","1","Q52428"
"1BCP","A","1","P04977"
"1BCP","I","3","P04979"
"1BCP","D","4","P0A3R5"
"1BCP","L","5","P04981"
"1BCP","G","1","P04977"
"1BCP","B","2","P04978"
"1BCP","J","4","P0A3R5"
"1BCP","E","4","P0A3R5"
"1BCP","H","2","P04978"
"1BCP","C","3","P04979"
"1BCP","K","4","P0A3R5"
"1BCP","F","5","P04981"
"1C0F","A","2","P07830"
"1C0F","S","1","P06396"
"1C0G","A","2","P07830"
"1C0G","S","1","P06396"
"1CSN","A","1","P40233"
"1D4X","A","1","P0DM41"
"1D4X","G","2","P06396"
"1D9Z","A","1","P56981"
"1DEJ","A","2","P07830"
"1DEJ","S","1","P06396"
"1DO0","C","1","P0A6H5"
"1DO0","F","1","P0A6H5"
"1DO0","A","1","P0A6H5"
"1DO0","D","1","P0A6H5"
"1DO0","B","1","P0A6H5"
"1DO0","E","1","P0A6H5"
"1DV2","A","1","P24182"
"1DV2","B","1","P24182"
"1DY3","A","1","P26281"
"1E24","A","1","P0A8N5"
"1E2Q","A","1","P23919"
"1E4G","T","1","Q9WZU0"
"1E79","G","3","P05631"
"1E79","B","1","P19483"
"1E79","E","2","P00829"
"1E79","H","4","P05630"
"1E79","C","1","P19483"
"1E79","F","2","P00829"
"1E79","I","5","P05632"
"1E79","A","1","P19483"
"1E79","D","2","P00829"
"1E8X","A","1","O02697"
"1EE1","A","1","P08164"
"1EE1","B","1","P08164"
"1EQY","A","2","P68135"
"1EQY","S","1","P06396"
"1ESQ","A","1","P39593"
"1ESQ","B","1","P39593"
"1ESQ","C","1","P39593"
"1ESV","A","2","P68135"
"1ESV","S","1","P06396"
"1F2U","D","2","P58301"
"1F2U","B","2","P58301"
"1F2U","C","1","P58301"
"1F2U","A","1","P58301"
"1F9A","C","1","Q57961"
"1F9A","F","1","Q57961"
"1F9A","A","1","Q57961"
"1F9A","D","1","Q57961"
"1F9A","B","1","Q57961"
"1F9A","E","1","Q57961"
"1FIN","B","2","P20248"
"1FIN","C","1","P24941"
"1FIN","A","1","P24941"
"1FIN","D","2","P20248"
"1FMW","A","1","P08799"
"1FQ1","A","1","Q16667"
"1FQ1","B","2","P24941"
"1G21","C","1","P07328"
"1G21","F","3","P00459"
"1G21","A","1","P07328"
"1G21","D","2","P07329"
"1G21","G","3","P00459"
"1G21","B","2","P07329"
"1G21","E","3","P00459"
"1G21","H","3","P00459"
"1G3I","S","1","P43773"
"1G3I","C","1","P43773"
"1G3I","K","2","P43772"
"1G3I","V","1","P43773"
"1G3I","F","1","P43773"
"1G3I","N","2","P43772"
"1G3I","Q","2","P43772"
"1G3I","A","1","P43773"
"1G3I","I","2","P43772"
"1G3I","T","1","P43773"
"1G3I","D","1","P43773"
"1G3I","L","2","P43772"
"1G3I","W","1","P43773"
"1G3I","G","2","P43772"
"1G3I","O","2","P43772"
"1G3I","R","2","P43772"
"1G3I","B","1","P43773"
"1G3I","J","2","P43772"
"1G3I","U","1","P43773"
"1G3I","E","1","P43773"
"1G3I","M","2","P43772"
"1G3I","X","1","P43773"
"1G3I","H","2","P43772"
"1G3I","P","2","P43772"
"1G5T","A","1","P31570"
"1G64","B","1","P31570"
"1G64","A","1","P31570"
"1GN8","A","1","P0A6I6"
"1GN8","B","1","P0A6I6"
"1GOL","A","1","P63086"
"1GTR","A","2","P00962"
"1GTR","B","1",""
"1GY3","C","1","P24941"
"1GY3","F","3",""
"1GY3","A","1","P24941"
"1GY3","D","2","P20248"
"1GY3","B","2","P20248"
"1GY3","E","3",""
"1GZ3","C","1","P23368"
"1GZ3","A","1","P23368"
"1GZ3","D","1","P23368"
"1GZ3","B","1","P23368"
"1GZ4","A","1","P23368"
"1GZ4","D","1","P23368"
"1GZ4","B","1","P23368"
"1GZ4","C","1","P23368"
"1H1V","A","1","P68135"
"1H1V","G","2","P06396"
"1H1W","A","1","O15530"
"1H3E","B","2",""
"1H3E","A","1","P83453"
"1H4Q","T","2",""
"1H4Q","A","1","Q5SM28"
"1H4Q","B","1","Q5SM28"
"1H8H","E","2","P00829"
"1H8H","C","1","P19483"
"1H8H","F","2","P00829"
"1H8H","A","1","P19483"
"1H8H","D","2","P00829"
"1H8H","G","3","P05631"
"1H8H","B","1","P19483"
"1HCK","A","1","P24941"
"1HI1","C","1","P11124"
"1HI1","A","1","P11124"
"1HI1","B","1","P11124"
"1HLU","P","2","P02584"
"1HLU","A","1","P60712"
"1HP1","A","1","P07024"
"1I7L","B","1","Q63537"
"1I7L","A","1","Q63537"
"1II0","A","1","P08690"
"1II0","B","1","P08690"
"1IJJ","A","1","P68135"
"1IJJ","B","1","P68135"
"1J09","A","1","P27000"
"1J1Z","C","1","P59846"
"1J1Z","A","1","P59846"
"1J1Z","D","1","P59846"
"1J1Z","B","1","P59846"
"1J21","D","1","P59846"
"1J21","B","1","P59846"
"1J21","C","1","P59846"
"1J21","A","1","P59846"
"1J7K","A","1","Q56313"
"1JI0","A","1","Q9X0M3"
"1JJV","A","1","P44920"
"1JKN","A","1","O04841"
"1JST","D","2","P20248"
"1JST","B","2","P20248"
"1JST","C","1","P24941"
"1JST","A","1","P24941"
"1JWA","B","1","P12282"
"1JWA","D","2","P30748"
"1KAX","A","1","P19120"
"1KAY","A","1","P19120"
"1KAZ","A","1","P19120"
"1KH2","C","1","P59846"
"1KH2","A","1","P59846"
"1KH2","D","1","P59846"
"1KH2","B","1","P59846"
"1KJ8","B","1","P33221"
"1KJ8","A","1","P33221"
"1KJ9","A","1","P33221"
"1KJ9","B","1","P33221"
"1KMN","C","1","P60906"
"1KMN","A","1","P60906"
"1KMN","D","1","P60906"
"1KMN","B","1","P60906"
"1KO5","B","1","P46859"
"1KO5","A","1","P46859"
"1KP2","A","1","P0A6E4"
"1KP3","A","1","P0A6E4"
"1KVK","A","1","P17256"
"1KXP","D","2","P02774"
"1KXP","A","1","P68135"
"1KYI","X","1","P43773"
"1KYI","H","2","P43772"
"1KYI","P","2","P43772"
"1KYI","S","1","P43773"
"1KYI","C","1","P43773"
"1KYI","K","2","P43772"
"1KYI","V","1","P43773"
"1KYI","F","1","P43773"
"1KYI","N","2","P43772"
"1KYI","A","1","P43773"
"1KYI","I","2","P43772"
"1KYI","Q","2","P43772"
"1KYI","T","1","P43773"
"1KYI","D","1","P43773"
"1KYI","L","2","P43772"
"1KYI","W","1","P43773"
"1KYI","G","2","P43772"
"1KYI","O","2","P43772"
"1KYI","B","1","P43773"
"1KYI","J","2","P43772"
"1KYI","R","2","P43772"
"1KYI","U","1","P43773"
"1KYI","E","1","P43773"
"1KYI","M","2","P43772"
"1L2T","A","1","Q58206"
"1L2T","B","1","Q58206"
"1LCU","A","1","P68135"
"1LCU","B","1","P68135"
"1LHR","B","1","P82197"
"1LHR","A","1","P82197"
"1LOT","B","2","P68135"
"1LOT","A","1","P02774"
"1M83","A","1","P00953"
"1MA9","B","2","P68135"
"1MA9","A","1","P02774"
"1MAB","G","3","P35435"
"1MAB","A","1","P15999"
"1MAB","B","2","P10719"
"1MAU","A","1","P00953"
"1MAW","A","1","P00953"
"1MAW","D","1","P00953"
"1MAW","B","1","P00953"
"1MAW","E","1","P00953"
"1MAW","C","1","P00953"
"1MAW","F","1","P00953"
"1MB9","A","1","P0DJQ7"
"1MB9","B","1","P0DJQ7"
"1MDU","A","1","P06396"
"1MDU","E","2","P68139"
"1MDU","B","2","P68139"
"1MDU","D","1","P06396"
"1MIW","A","1","Q7SIB1"
"1MIW","B","1","Q7SIB1"
"1MJH","A","1","Q57997"
"1MJH","B","1","Q57997"
"1MO8","A","1","P06685"
"1MV5","C","1","Q9CHL8"
"1MV5","A","1","Q9CHL8"
"1MV5","D","1","Q9CHL8"
"1MV5","B","1","Q9CHL8"
"1N48","B","1",""
"1N48","C","2",""
"1N48","A","3","Q97W02"
"1N56","A","3","Q97W02"
"1N56","D","2",""
"1N56","B","3","Q97W02"
"1N56","E","1",""
"1N56","C","1",""
"1N56","F","2",""
"1N5I","A","1","P9WKE1"
"1N75","A","1","P27000"
"1N77","A","2","P27000"
"1N77","D","1",""
"1N77","B","2","P27000"
"1N77","C","1",""
"1NBM","E","3","P00829"
"1NBM","C","1","P19483"
"1NBM","F","2","P00829"
"1NBM","A","1","P19483"
"1NBM","D","2","P00829"
"1NBM","G","4","P05631"
"1NBM","B","1","P19483"
"1NGE","A","1","P19120"
"1NGF","A","1","P19120"
"1NGG","A","1","P19120"
"1NGH","A","1","P19120"
"1NLV","G","2","P06396"
"1NLV","A","1","P07830"
"1NM1","A","1","P07830"
"1NM1","G","2","P06396"
"1NMD","A","1","P07830"
"1NMD","G","2","P06396"
"1NSF","A","1","P18708"
"1NSY","A","1","P08164"
"1NSY","B","1","P08164"
"1NYR","A","1","Q8NW68"
"1NYR","B","1","Q8NW68"
"1O93","B","1","P13444"
"1O93","A","1","P13444"
"1O9T","A","1","P13444"
"1O9T","B","1","P13444"
"1OBD","A","1","P27616"
"1OJL","B","1","P25852"
"1OJL","E","1","P25852"
"1OJL","C","1","P25852"
"1OJL","F","1","P25852"
"1OJL","A","1","P25852"
"1OJL","D","1","P25852"
"1OL6","A","1","O14965"
"1OS1","A","1","P22259"
"1P8Z","G","1","P06396"
"1P8Z","A","2","P68135"
"1PHK","A","1","P00518"
"1PJ4","B","1","P23368"
"1PJ4","C","1","P23368"
"1PJ4","A","1","P23368"
"1PJ4","D","1","P23368"
"1PK8","C","1","P09951"
"1PK8","F","1","P09951"
"1PK8","A","1","P09951"
"1PK8","D","1","P09951"
"1PK8","G","1","P09951"
"1PK8","B","1","P09951"
"1PK8","E","1","P09951"
"1PK8","H","1","P09951"
"1PX2","A","1","P09951"
"1PX2","B","1","P09951"
"1Q12","A","1","P68187"
"1Q12","D","1","P68187"
"1Q12","B","1","P68187"
"1Q12","C","1","P68187"
"1Q24","A","1","P00517"
"1Q24","I","2","Q71U53"
"1Q97","A","1","Q03656"
"1Q97","B","1","Q03656"
"1QHG","A","1","P56255"
"1QHH","C","3","P56255"
"1QHH","A","1","P56255"
"1QHH","D","4","P56255"
"1QHH","B","2","P56255"
"1QHX","A","1","Q56148"
"1QL6","A","1","P00518"
"1QMZ","B","2","P20248"
"1QMZ","E","3",""
"1QMZ","C","1","P24941"
"1QMZ","F","3",""
"1QMZ","A","1","P24941"
"1QMZ","D","2","P20248"
"1QRS","B","1",""
"1QRS","A","2","P00962"
"1QRT","B","1",""
"1QRT","A","2","P00962"
"1QRU","A","2","P00962"
"1QRU","B","1",""
"1QZ5","A","1","P68135"
"1QZ6","A","1","P68135"
"1R0X","D","1","P26361"
"1R0X","B","1","P26361"
"1R0X","C","1","P26361"
"1R0X","A","1","P26361"
"1R0Z","C","1","P26361"
"1R0Z","A","1","P26361"
"1R0Z","D","1","P26361"
"1R0Z","B","1","P26361"
"1R10","B","1","P26361"
"1R10","A","1","P26361"
"1R4N","B","2","Q8TBC4"
"1R4N","J","3","Q15843"
"1R4N","E","1","Q13564"
"1R4N","H","2","Q8TBC4"
"1R4N","C","1","Q13564"
"1R4N","K","3","Q15843"
"1R4N","F","2","Q8TBC4"
"1R4N","A","1","Q13564"
"1R4N","I","3","Q15843"
"1R4N","D","2","Q8TBC4"
"1R4N","L","3","Q15843"
"1R4N","G","1","Q13564"
"1R8B","A","1","O28126"
"1R9T","F","8","P20435"
"1R9T","T","2",""
"1R9T","J","11","P22139"
"1R9T","C","6","P16370"
"1R9T","N","3",""
"1R9T","H","9","P20436"
"1R9T","A","4","P04050"
"1R9T","K","12","P38902"
"1R9T","E","7","P20434"
"1R9T","R","1",""
"1R9T","I","10","P27999"
"1R9T","B","5","P08518"
"1R9T","L","13","P40422"
"1RDQ","E","1","P05132"
"1RDQ","I","2",""
"1RDW","X","1","P68135"
"1RFQ","A","1","P68135"
"1RFQ","B","1","P68135"
"1RGI","A","2","P68135"
"1RGI","G","1","Q28372"
"1RYR","A","3","Q97W02"
"1RYR","B","1",""
"1RYR","C","2",""
"1RYS","F","2",""
"1RYS","A","3","Q97W02"
"1RYS","D","2",""
"1RYS","B","3","Q97W02"
"1RYS","E","1",""
"1RYS","C","1",""
"1S22","A","1","P68135"
"1S9I","B","1","P36507"
"1S9I","A","1","P36507"
"1S9J","A","1","Q02750"
"1SU2","B","1","Q9RVK2"
"1SU2","A","1","Q9RVK2"
"1SVM","B","1","P03070"
"1SVM","E","1","P03070"
"1SVM","C","1","P03070"
"1SVM","F","1","P03070"
"1SVM","A","1","P03070"
"1SVM","D","1","P03070"
"1T44","G","1","P06396"
"1T44","A","2","P68135"
"1TC0","B","1","P41148"
"1TC0","A","1","P41148"
"1TF7","C","1","Q79PF4"
"1TF7","F","1","Q79PF4"
"1TF7","A","1","Q79PF4"
"1TF7","D","1","Q79PF4"
"1TF7","B","1","Q79PF4"
"1TF7","E","1","Q79PF4"
"1TFW","B","5","O28126"
"1TFW","J","4",""
"1TFW","E","1",""
"1TFW","H","2",""
"1TFW","C","5","O28126"
"1TFW","F","3",""
"1TFW","A","5","O28126"
"1TFW","I","2",""
"1TFW","D","5","O28126"
"1TFW","G","2",""
"1TID","C","1","O32727"
"1TID","A","1","O32727"
"1TID","D","2","O32726"
"1TID","B","2","O32726"
"1TIL","D","2","O32726"
"1TIL","B","2","O32726"
"1TIL","E","1","O32727"
"1TIL","C","1","O32727"
"1TIL","F","2","O32726"
"1TIL","A","1","O32727"
"1TQP","A","1","O30245"
"1TWA","F","5","P20435"
"1TWA","J","8","P22139"
"1TWA","C","3","P16370"
"1TWA","H","6","P20436"
"1TWA","K","9","P38902"
"1TWA","A","1","P04050"
"1TWA","E","4","P20434"
"1TWA","I","7","P27999"
"1TWA","B","2","P08518"
"1TWA","L","10","P40422"
"1TWH","C","3","P16370"
"1TWH","H","6","P20436"
"1TWH","A","1","P04050"
"1TWH","K","9","P38902"
"1TWH","E","4","P20434"
"1TWH","I","7","P27999"
"1TWH","B","2","P08518"
"1TWH","L","10","P40422"
"1TWH","F","5","P20435"
"1TWH","J","8","P22139"
"1TYQ","A","1","P61157"
"1TYQ","D","4","Q3MHR7"
"1TYQ","G","7","Q3SYX9"
"1TYQ","B","2","A7MB62"
"1TYQ","E","5","Q3T035"
"1TYQ","C","3","Q58CQ2"
"1TYQ","F","6","Q148J6"
"1U5R","B","1","Q9JLS3"
"1U5R","A","1","Q9JLS3"
"1U5V","A","1","P9WPE1"
"1U9I","B","1","Q79PF4"
"1U9I","E","1","Q79PF4"
"1U9I","C","2","Q79PF4"
"1U9I","F","1","Q79PF4"
"1U9I","A","1","Q79PF4"
"1U9I","D","2","Q79PF4"
"1UA2","A","1","P50613"
"1UA2","D","1","P50613"
"1UA2","B","1","P50613"
"1UA2","C","1","P50613"
"1UEV","A","1","O28126"
"1UF9","B","1","Q56416"
"1UF9","C","1","Q56416"
"1UF9","A","1","Q56416"
"1V1B","A","1","Q53W83"
"1V1B","D","1","Q53W83"
"1V1B","B","1","Q53W83"
"1V1B","C","1","Q53W83"
"1V3S","C","1","P83820"
"1V3S","A","1","P83820"
"1V3S","B","1","P83820"
"1VC9","B","1","Q75UV1"
"1VC9","A","1","Q75UV1"
"1VCI","A","1","O57758"
"1VJC","A","1","Q7SIB7"
"1VJD","A","1","Q7SIB7"
"1W7A","E","2",""
"1W7A","A","1","P23909"
"1W7A","F","3",""
"1W7A","B","1","P23909"
"1WKL","A","1","Q5SLV5"
"1WKL","B","1","Q5SLV5"
"1WUA","A","1","P68135"
"1X01","A","1","O57883"
"1X01","B","1","O57883"
"1XDN","A","1","P86927"
"1XDP","A","1","P0A7B1"
"1XDP","B","1","P0A7B1"
"1XEF","A","1","P08716"
"1XEF","D","1","P08716"
"1XEF","B","1","P08716"
"1XEF","C","1","P08716"
"1XEX","A","1","Q8TZY2"
"1XEX","B","2",""
"1XF9","C","1","P26361"
"1XF9","A","1","P26361"
"1XF9","D","1","P26361"
"1XF9","B","1","P26361"
"1XFA","B","1","P26361"
"1XFA","A","1","P26361"
"1XKV","A","1","Q5SLL5"
"1XKV","B","1","Q5SLL5"
"1XMI","C","1","P13569"
"1XMI","A","1","P13569"
"1XMI","D","1","P13569"
"1XMI","B","1","P13569"
"1XMI","E","1","P13569"
"1XMJ","A","1","P13569"
"1XNG","A","1","O25096"
"1XNG","B","1","O25096"
"1XSC","A","1","P50583"
"1Y56","B","2","O59089"
"1Y56","A","1","O59088"
"1Y64","A","1","P68135"
"1Y64","B","2","P41832"
"1Y8P","A","1","Q15120"
"1Y8P","B","2","P10515"
"1Y8Q","D","2","Q9UBT2"
"1Y8Q","B","2","Q9UBT2"
"1Y8Q","C","1","Q9UBE0"
"1Y8Q","A","1","Q9UBE0"
"1Y8R","C","3","P63165"
"1Y8R","F","3","P63165"
"1Y8R","A","1","Q9UBE0"
"1Y8R","D","1","Q9UBE0"
"1Y8R","B","2","Q9UBT2"
"1Y8R","E","2","Q9UBT2"
"1YAG","G","2","P06396"
"1YAG","A","1","P60010"
"1YFR","A","1","O67323"
"1YFR","B","1","O67323"
"1YID","A","1","Q9RVD6"
"1YID","B","1","Q9RVD6"
"1YID","C","1","Q9RVD6"
"1YP3","C","1","P23509"
"1YP3","A","1","P23509"
"1YP3","D","1","P23509"
"1YP3","B","1","P23509"
"1YTM","B","1","O09460"
"1YTM","A","1","O09460"
"1YUN","A","1","Q9HX21"
"1YUN","B","1","Q9HX21"
"1YVN","A","1","P60010"
"1YVN","G","2","P06396"
"1YXQ","A","1","P68135"
"1YXQ","B","1","P68135"
"1Z0S","B","1","O30297"
"1Z0S","C","1","O30297"
"1Z0S","A","1","O30297"
"1Z0S","D","1","O30297"
"1Z7E","C","1","P77398"
"1Z7E","F","1","P77398"
"1Z7E","A","1","P77398"
"1Z7E","D","1","P77398"
"1Z7E","B","1","P77398"
"1Z7E","E","1","P77398"
"1ZAO","A","1","O30245"
"1ZFN","D","1","P30138"
"1ZFN","B","1","P30138"
"1ZFN","C","1","P30138"
"1ZFN","A","1","P30138"
"1ZP9","C","1","O28471"
"1ZP9","A","1","O28471"
"1ZP9","D","1","O28471"
"1ZP9","B","1","O28471"
"1ZYD","B","1","P15442"
"1ZYD","A","1","P15442"
"2A3Z","B","2","P00639"
"2A3Z","C","3","P42768"
"2A3Z","A","1","P68135"
"2A40","B","2","P00639"
"2A40","E","2","P00639"
"2A40","C","3","Q9Y6W5"
"2A40","F","3","Q9Y6W5"
"2A40","A","1","P68135"
"2A40","D","1","P68135"
"2A41","A","1","P68135"
"2A41","B","2","P00639"
"2A41","C","3","O43516"
"2A42","A","1","P68135"
"2A42","B","2","P00639"
"2A5Y","B","2","P30429"
"2A5Y","C","2","P30429"
"2A5Y","A","1","P41958"
"2A84","A","1","P9WIL5"
"2AQX","A","1","B2RXC2"
"2AQX","B","1","B2RXC2"
"2ARU","A","1","Q9HKT1"
"2ASM","A","1","P68135"
"2ASO","A","1","P68135"
"2ASP","A","1","P68135"
"2B6F","A","1","Q9BYN0"
"2BBO","A","1","P13569"
"2BBS","A","1","P13569"
"2BBS","B","1","P13569"
"2BBT","A","1","P13569"
"2BBT","B","1","P13569"
"2BEK","D","1","Q72H90"
"2BEK","B","1","Q72H90"
"2BEK","C","1","Q72H90"
"2BEK","A","1","Q72H90"
"2BIY","A","1","O15530"
"2BTF","P","2","P02584"
"2BTF","A","1","P60712"
"2BU2","A","1","Q15119"
"2BUP","A","1","P19120"
"2C01","X","1","P10153"
"2C7E","B","1","P0A6F5"
"2C7E","J","1","P0A6F5"
"2C7E","E","1","P0A6F5"
"2C7E","M","1","P0A6F5"
"2C7E","H","1","P0A6F5"
"2C7E","C","1","P0A6F5"
"2C7E","K","1","P0A6F5"
"2C7E","F","1","P0A6F5"
"2C7E","N","1","P0A6F5"
"2C7E","A","1","P0A6F5"
"2C7E","I","1","P0A6F5"
"2C7E","D","1","P0A6F5"
"2C7E","L","1","P0A6F5"
"2C7E","G","1","P0A6F5"
"2C8V","A","1","P00459"
"2C96","A","1","P37344"
"2C9C","A","1","P37344"
"2CBZ","A","1","P33527"
"2CCH","C","1","P24941"
"2CCH","F","3","Q99741"
"2CCH","A","1","P24941"
"2CCH","D","2","P20248"
"2CCH","B","2","P20248"
"2CCH","E","3","Q99741"
"2CCI","B","2","P20248"
"2CCI","F","3","Q99741"
"2CCI","C","1","P24941"
"2CCI","I","3","Q99741"
"2CCI","A","1","P24941"
"2CCI","D","2","P20248"
"2CG9","Y","2","P28707"
"2CG9","B","1","P02829"
"2CG9","X","2","P28707"
"2CG9","A","1","P02829"
"2CJA","A","1","Q46AN5"
"2CJA","B","1","Q46AN5"
"2CJM","A","1","P24941"
"2CJM","D","2","P20248"
"2CJM","B","2","P20248"
"2CJM","C","1","P24941"
"2CV1","B","2","P27000"
"2CV1","C","1",""
"2CV1","A","2","P27000"
"2CV1","D","1",""
"2D1K","A","1","P68135"
"2D1K","B","2","P00639"
"2D1K","C","3","O43312"
"2DDO","A","1","P40191"
"2DDO","B","1","P40191"
"2DRA","A","2","O28126"
"2DRA","B","1",""
"2DTO","B","1","O57883"
"2DTO","A","1","O57883"
"2DXI","C","1",""
"2DXI","A","2","P27000"
"2DXI","D","1",""
"2DXI","B","2","P27000"
"2DXT","A","1","O57883"
"2DXT","B","1","O57883"
"2E5Y","B","1","P07678"
"2E5Y","A","1","P07678"
"2E89","C","1","O67728"
"2E89","A","1","O67728"
"2E89","D","1","O67728"
"2E89","B","1","O67728"
"2EG2","A","1","O66513"
"2EWW","A","1","O66950"
"2F02","B","1","Q833W9"
"2F02","A","1","Q833W9"
"2F43","G","3","P35435"
"2F43","A","1","P15999"
"2F43","B","2","P10719"
"2FAQ","B","1","Q9I1X7"
"2FAQ","A","1","Q9I1X7"
"2FF3","C","2","O00401"
"2FF3","A","1","P06396"
"2FF3","B","3","P68135"
"2FF6","H","2","Q8IRS7"
"2FF6","A","3","P68135"
"2FF6","G","1","P06396"
"2FGH","B","1","Q28372"
"2FGH","A","1","Q28372"
"2FGJ","C","1","P08716"
"2FGJ","A","1","P08716"
"2FGJ","D","1","P08716"
"2FGJ","B","1","P08716"
"2FGK","D","1","P08716"
"2FGK","B","1","P08716"
"2FGK","C","1","P08716"
"2FGK","A","1","P08716"
"2FSG","A","1","P10408"
"2FSG","B","1","P10408"
"2FXU","A","1","P68135"
"2GBL","E","1","Q79PF4"
"2GBL","C","2","Q79PF4"
"2GBL","F","1","Q79PF4"
"2GBL","A","1","Q79PF4"
"2GBL","D","2","Q79PF4"
"2GBL","B","1","Q79PF4"
"2GNK","A","1","P0AC55"
"2GWJ","A","1","P68135"
"2GWK","A","1","P68135"
"2GWK","B","1","P68135"
"2HF4","A","1","P10987"
"2HIX","A","1","Q980T8"
"2HMP","A","1","P68135"
"2HMP","B","1","P68135"
"2HMU","B","1","O32080"
"2HMU","A","1","O32080"
"2HMW","A","1","O32080"
"2HMW","B","1","O32080"
"2HS0","A","1","Q9X0X3"
"2HVY","B","3","Q8U029"
"2HVY","E","1",""
"2HVY","C","4","Q8U1R4"
"2HVY","A","2","Q7LWY0"
"2HVY","D","5","Q8U160"
"2I4O","C","1","Q6N5P6"
"2I4O","A","1","Q6N5P6"
"2I4O","B","1","Q6N5P6"
"2IA6","B","1","Q97W02"
"2IA6","E","2",""
"2IA6","C","2",""
"2IA6","F","3",""
"2IA6","A","1","Q97W02"
"2IA6","D","3",""
"2IAJ","B","2","P03366"
"2IAJ","A","1","P03366"
"2IDX","B","1","Q96EY8"
"2IDX","C","1","Q96EY8"
"2IDX","A","1","Q96EY8"
"2IJM","B","1","Q05397"
"2IJM","A","1","Q05397"
"2ILY","A","1","Q8QXN9"
"2IVP","A","1","Q9UXT7"
"2IXE","A","1","P36370"
"2IXE","D","1","P36370"
"2IXF","A","1","P36370"
"2IXF","D","1","P36370"
"2IXF","B","1","P36370"
"2IXF","C","1","P36370"
"2IXG","A","1","P36370"
"2IYW","A","1","P9WPY3"
"2J3M","A","1","Q831W7"
"2J3M","B","1","Q831W7"
"2J9C","A","1","Q60381"
"2J9C","B","1","Q60381"
"2J9C","C","1","Q60381"
"2J9E","A","1","Q60381"
"2J9E","B","1","Q60381"
"2J9E","C","1","Q60381"
"2J9L","C","1","P51795"
"2J9L","F","1","P51795"
"2J9L","A","1","P51795"
"2J9L","D","1","P51795"
"2J9L","B","1","P51795"
"2J9L","E","1","P51795"
"2JAX","A","1","P9WFD7"
"2JJX","B","1","Q81S73"
"2JJX","C","1","Q81S73"
"2JJX","A","1","Q81S73"
"2JK8","A","1","Q6G2A9"
"2JK8","B","1","Q6G2A9"
"2KMX","A","1","Q04656"
"2NPI","A","1","Q08685"
"2NPI","D","2","P39081"
"2NPI","B","1","Q08685"
"2NPI","C","2","P39081"
"2NT8","A","1","Q50EJ2"
"2NVU","A","1","Q13564"
"2NVU","I","4","Q15843"
"2NVU","B","2","Q8TBC4"
"2NVU","J","4","Q15843"
"2NVU","C","3","P61081"
"2NYJ","A","1","O35433"
"2O0H","A","1","P17312"
"2OAN","B","1","P60712"
"2OAN","C","1","P60712"
"2OAN","A","1","P60712"
"2OAN","D","1","P60712"
"2OGX","A","1","P84308"
"2OGX","B","2","P84253"
"2OH5","A","1","O10693"
"2OH6","A","1","O10693"
"2OH7","A","1","O10693"
"2OLQ","A","1","P22259"
"2OLR","A","1","P22259"
"2OOY","B","2","P78789"
"2OOY","E","3","Q10343"
"2OOY","C","1","O74536"
"2OOY","G","3","Q10343"
"2OOY","A","1","O74536"
"2OOY","D","2","P78789"
"2P09","A","1",""
"2P0X","A","1",""
"2P55","A","1","Q02750"
"2P9K","F","6","Q148J6"
"2P9K","A","1","P61157"
"2P9K","D","4","Q3MHR7"
"2P9K","G","7","Q3SYX9"
"2P9K","B","2","A7MB62"
"2P9K","E","5","Q3T035"
"2P9K","C","3","Q58CQ2"
"2P9S","G","7","Q3SYX9"
"2P9S","B","2","A7MB62"
"2P9S","E","5","Q3T035"
"2P9S","C","3","Q58CQ2"
"2P9S","F","6","Q148J6"
"2P9S","A","1","P61157"
"2P9S","D","4","Q3MHR7"
"2PAA","A","1","P09041"
"2PAA","B","1","P09041"
"2PAV","A","1","P68135"
"2PAV","P","2","P07737"
"2PAV","V","3","P50552"
"2PBD","V","3","P50552"
"2PBD","A","1","P68135"
"2PBD","P","2","P07737"
"2PBZ","C","1","Q5JD28"
"2PBZ","A","1","Q5JD28"
"2PBZ","B","1","Q5JD28"
"2PC9","C","1","Q5SLL5"
"2PC9","A","1","Q5SLL5"
"2PC9","D","1","Q5SLL5"
"2PC9","B","1","Q5SLL5"
"2PHK","A","1","P00518"
"2PHK","B","2",""
"2PNN","A","1","O35433"
"2PXZ","X","1","P22259"
"2PY7","X","1","P22259"
"2PZE","B","1","P13569"
"2PZE","A","1","P13569"
"2PZF","B","1","P13569"
"2PZF","A","1","P13569"
"2PZG","A","1","P13569"
"2PZG","B","1","P13569"
"2Q0D","A","1","Q381M1"
"2Q0D","B","1","Q381M1"
"2Q0R","A","1","P68135"
"2Q0U","A","1","P68135"
"2Q31","B","1","P68135"
"2Q31","A","1","P68135"
"2Q36","A","1","P68135"
"2Q66","X","1",""
"2Q66","A","2","P29468"
"2Q7G","A","1","Q8PWY1"
"2Q97","T","2","Q9NG25"
"2Q97","A","1","P68135"
"2QB8","B","1","P38698"
"2QB8","A","1","P38698"
"2QK4","A","1","P22102"
"2QK4","B","1","P22102"
"2QKM","F","2","O13828"
"2QKM","A","1","Q9P805"
"2QKM","D","2","O13828"
"2QKM","G","1","Q9P805"
"2QKM","B","2","O13828"
"2QKM","E","1","Q9P805"
"2QKM","H","2","O13828"
"2QKM","C","1","Q9P805"
"2QRD","G","3","Q10343"
"2QRD","A","1","O74536"
"2QRD","D","2","P78789"
"2QRD","B","2","P78789"
"2QRD","E","3","Q10343"
"2QRD","C","1","O74536"
"2QUI","A","1","P23381"
"2QUI","B","1","P23381"
"2QXL","A","1","P32589"
"2QXL","B","1","P32589"
"2R6G","F","3","P02916"
"2R6G","B","1","P68187"
"2R6G","G","4","P68183"
"2R6G","E","2","P0AEX9"
"2R6G","A","1","P68187"
"2R6T","B","1","Q50EJ2"
"2R6T","A","1","Q50EJ2"
"2R6X","A","1","Q50EJ2"
"2R6X","B","1","Q50EJ2"
"2R7L","A","1","Q57600"
"2R86","B","1","Q8U0R7"
"2R86","A","1","Q8U0R7"
"2R9V","A","1","Q9X1U7"
"2RD5","B","1","Q9SCL7"
"2RD5","C","2","Q9ZST4"
"2RD5","A","1","Q9SCL7"
"2RD5","D","2","Q9ZST4"
"2RSF","A","1","Q9CZW6"
"2V51","D","1","P68135"
"2V51","E","2","Q8K4J6"
"2V51","B","1","P68135"
"2V51","F","2","Q8K4J6"
"2V52","B","1","P68135"
"2V52","M","2","Q8K4J6"
"2V7Q","D","2","P00829"
"2V7Q","G","3","P05631"
"2V7Q","B","1","P19483"
"2V7Q","J","6","P01096"
"2V7Q","E","2","P00829"
"2V7Q","H","4","P05630"
"2V7Q","C","1","P19483"
"2V7Q","F","2","P00829"
"2V7Q","A","1","P19483"
"2V7Q","I","5","P05632"
"2V92","B","2","O43741"
"2V92","E","3","P80385"
"2V92","A","1","P54645"
"2V9J","B","2","O43741"
"2V9J","E","3","P80385"
"2V9J","A","1","P54645"
"2VCP","E","2","O00401"
"2VCP","B","1","P68135"
"2VCP","D","2","O00401"
"2VCP","A","1","P68135"
"2VHQ","C","1","Q94M05"
"2VHQ","A","1","Q94M05"
"2VHQ","B","1","Q94M05"
"2VHT","C","1","Q94M05"
"2VHT","A","1","Q94M05"
"2VHT","B","1","Q94M05"
"2VT3","B","1","O05521"
"2VT3","A","1","O05521"
"2VYP","A","1","P68135"
"2VYP","B","1","P68135"
"2W00","A","1","P10486"
"2W00","B","1","P10486"
"2W02","B","1","Q93AT8"
"2W02","A","1","Q93AT8"
"2W5G","B","1","P61823"
"2W5G","A","1","P61823"
"2W5I","A","1","P61823"
"2W5I","B","1","P61823"
"2WPD","N","6","P61829"
"2WPD","F","2","P00830"
"2WPD","I","5","P21306"
"2WPD","Q","6","P61829"
"2WPD","A","1","P07251"
"2WPD","L","6","P61829"
"2WPD","D","2","P00830"
"2WPD","O","6","P61829"
"2WPD","G","3","P38077"
"2WPD","J","6","P61829"
"2WPD","R","6","P61829"
"2WPD","B","1","P07251"
"2WPD","M","6","P61829"
"2WPD","E","2","P00830"
"2WPD","P","6","P61829"
"2WPD","H","4","Q12165"
"2WPD","K","6","P61829"
"2WPD","S","6","P61829"
"2WPD","C","1","P07251"
"2X0Q","A","1","Q7W557"
"2X15","A","1","P00558"
"2X3J","A","1","Q93AT8"
"2X3J","B","1","Q93AT8"
"2XBP","A","1","P0A3F4"
"2XCW","A","1","P49902"
"2XJD","A","1","P49902"
"2XJE","A","1","P49902"
"2XSZ","C","1","Q9Y265"
"2XSZ","F","2","Q9Y230"
"2XSZ","A","1","Q9Y265"
"2XSZ","D","2","Q9Y230"
"2XSZ","B","1","Q9Y265"
"2XSZ","E","2","Q9Y230"
"2XTI","A","1","A8PWE4"
"2XTI","B","1","A8PWE4"
"2XUL","C","1","P0A3F4"
"2XUL","F","1","P0A3F4"
"2XUL","A","1","P0A3F4"
"2XUL","D","1","P0A3F4"
"2XUL","B","1","P0A3F4"
"2XUL","E","1","P0A3F4"
"2XZW","E","1","P0A3F4"
"2XZW","H","1","P0A3F4"
"2XZW","C","1","P0A3F4"
"2XZW","F","1","P0A3F4"
"2XZW","A","1","P0A3F4"
"2XZW","I","1","P0A3F4"
"2XZW","D","1","P0A3F4"
"2XZW","G","1","P0A3F4"
"2XZW","B","1","P0A3F4"
"2Y27","B","1","B4E7B5"
"2Y27","A","1","B4E7B5"
"2Y4I","C","2","P29678"
"2Y4I","B","1","Q6VAB6"
"2YAA","A","1","Q8VDF3"
"2YAA","B","1","Q8VDF3"
"2YCH","A","1","Q72IW8"
"2YCH","B","2","Q72IW7"
"2YJ4","B","1","Q97UU7"
"2YJ4","A","1","Q97UU7"
"2YJ5","B","1","Q97UU7"
"2YJ5","A","1","Q97UU7"
"2YJE","C","1","P68135"
"2YJE","A","1","P68135"
"2YJE","M","2","Q8K4J6"
"2YJE","B","1","P68135"
"2YJF","D","1","P68135"
"2YJF","B","1","P68135"
"2YJF","E","1","P68135"
"2YJF","C","1","P68135"
"2YJF","M","2","Q8K4J6"
"2YJF","A","1","P68135"
"2YW2","A","1","O66949"
"2YW2","B","1","O66949"
"2YWW","B","1","Q58801"
"2YWW","A","1","Q58801"
"2YXU","B","1","O00764"
"2YXU","A","1","O00764"
"2Z02","A","1","Q58987"
"2Z02","B","1","Q58987"
"2Z08","A","1","Q5SJV7"
"2Z1U","A","1","Q72F88"
"2ZAN","A","1","P46467"
"2ZDQ","A","1","Q5SHZ3"
"2ZDQ","B","1","Q5SHZ3"
"2ZH6","A","2","O28126"
"2ZH6","B","1",""
"2ZHZ","B","1","Q2SZ09"
"2ZHZ","C","1","Q2SZ09"
"2ZHZ","A","1","Q2SZ09"
"2ZSF","A","1","P9WPA7"
"2ZT7","A","1","P41250"
"3A5M","S","1","P06396"
"3A5M","C","2","P07830"
"3A5N","C","2","P07830"
"3A5N","S","1","P06396"
"3A5O","C","2","P07830"
"3A5O","S","1","P06396"
"3A7H","B","1","Q9Y6E0"
"3A7H","A","1","Q9Y6E0"
"3A8T","A","1","Q5GHF7"
"3A8W","A","1","P41743"
"3A8W","B","1","P41743"
"3AB8","B","1","Q5SLE3"
"3AB8","A","1","Q5SLE3"
"3AM1","A","1","Q58933"
"3AM1","B","2",""
"3AMT","A","1","O28025"
"3AMT","B","2",""
"3AQN","A","1","A0A0J9X1H3"
"3AQN","B","1","A0A0J9X1H3"
"3AR4","A","1","P04191"
"3ATT","A","1","P9WI99"
"3B2Q","A","1","Q60187"
"3B2Q","B","1","Q60187"
"3BG5","C","1","A0A0H3JRU9"
"3BG5","A","1","A0A0H3JRU9"
"3BG5","D","1","A0A0H3JRU9"
"3BG5","B","1","A0A0H3JRU9"
"3BJU","B","1","Q15046"
"3BJU","C","1","Q15046"
"3BJU","A","1","Q15046"
"3BJU","D","1","Q15046"
"3BLQ","A","1","P50750"
"3BLQ","B","2","O60563"
"3BU5","A","1","P06213"
"3BU5","B","2","P81122"
"3BUZ","B","2","P68135"
"3BUZ","A","1","Q46220"
"3C16","C","3","P04896"
"3C16","A","1","P30803"
"3C16","B","2","P26769"
"3C4W","B","1","P28327"
"3C4W","A","1","P28327"
"3C4X","A","1","P28327"
"3C4X","B","1","P28327"
"3C5E","A","1","Q08AH3"
"3C9R","A","1","O67883"
"3C9R","B","1","O67883"
"3CHW","V","3","P50552"
"3CHW","A","1","P07830"
"3CHW","P","2","P07737"
"3CI1","A","1","Q50EJ2"
"3CI4","A","1","Q50EJ2"
"3CI5","A","1","P07830"
"3CI5","G","2","P06396"
"3CIP","G","2","P06396"
"3CIP","A","1","P07830"
"3CIS","B","1","P9WFD7"
"3CIS","E","1","P9WFD7"
"3CIS","H","1","P9WFD7"
"3CIS","C","1","P9WFD7"
"3CIS","F","1","P9WFD7"
"3CIS","A","1","P9WFD7"
"3CIS","D","1","P9WFD7"
"3CIS","G","1","P9WFD7"
"3CJB","G","2","P06396"
"3CJB","A","1","P68135"
"3CJC","G","3","P06396"
"3CJC","A","1","P68135"
"3CJC","D","2","P00639"
"3CQD","A","1","P06999"
"3CQD","B","1","P06999"
"3CRC","A","1","P0AEY3"
"3CRC","B","1","P0AEY3"
"3CYI","A","1","Q9BYN0"
"3D2E","C","1","P32589"
"3D2E","A","1","P32589"
"3D2E","D","2","P0DMV8"
"3D2E","B","2","P0DMV8"
"3D2F","D","2","P0DMV8"
"3D2F","B","2","P0DMV8"
"3D2F","C","1","P32589"
"3D2F","A","1","P32589"
"3DAW","A","1","P68135"
"3DAW","B","2","Q91YR1"
"3DGL","A","1",""
"3DGO","A","1",""
"3DKC","A","1","P08581"
"3DNT","A","1","P23874"
"3DNT","B","1","P23874"
"3DV3","A","1","Q02750"
"3DVL","C","1","Q79PF4"
"3DVL","F","1","Q79PF4"
"3DVL","A","1","Q79PF4"
"3DVL","D","1","Q79PF4"
"3DVL","B","1","Q79PF4"
"3DVL","E","1","Q79PF4"
"3DWL","B","1","P32390"
"3DWL","J","4","Q9Y7J4"
"3DWL","E","4","Q9Y7J4"
"3DWL","H","2","P78774"
"3DWL","C","2","P78774"
"3DWL","K","5","Q92352"
"3DWL","F","5","Q92352"
"3DWL","A","1","P32390"
"3DWL","I","3","O14241"
"3DWL","D","3","O14241"
"3DWL","L","6","Q10316"
"3DWL","G","6","Q10316"
"3DY7","A","1","Q02750"
"3E1Y","E","2","P15170"
"3E1Y","H","2","P15170"
"3E1Y","C","1","P62495"
"3E1Y","F","2","P15170"
"3E1Y","A","1","P62495"
"3E1Y","D","1","P62495"
"3E1Y","G","2","P15170"
"3E1Y","B","1","P62495"
"3E8N","A","1","Q02750"
"3EA0","B","1","Q8KF94"
"3EA0","A","1","Q8KF94"
"3EFS","B","1","O66837"
"3EFS","A","1","O66837"
"3EHG","A","1","O34757"
"3EIU","B","1","Q60187"
"3EIU","A","1","Q60187"
"3EKS","A","1","P10987"
"3EKU","A","1","P10987"
"3EL2","A","1","P10987"
"3EPS","B","1","Q8X607"
"3EPS","A","1","Q8X607"
"3EQB","A","1","Q02750"
"3ETH","B","1","P09029"
"3ETH","A","1","P09029"
"3F5M","C","1","O15648"
"3F5M","A","1","O15648"
"3F5M","D","1","O15648"
"3F5M","B","1","O15648"
"3FCC","A","1","Q81G39"
"3FCE","A","1","Q81G39"
"3FDX","B","1","A6T8F5"
"3FDX","A","1","A6T8F5"
"3FFK","D","1","P06396"
"3FFK","A","1","P06396"
"3FFK","E","2","P68135"
"3FFK","B","2","P68135"
"3FHX","A","1","O00764"
"3FHX","B","1","O00764"
"3FHY","B","1","O00764"
"3FHY","A","1","O00764"
"3FJQ","E","1","P05132"
"3FJQ","I","2","P63248"
"3FKQ","A","1","D0VX10"
"3FPB","A","1","P04191"
"3FVQ","A","1","Q5FA19"
"3FVQ","B","1","Q5FA19"
"3FZF","B","2","Q99933"
"3FZF","A","1","P11142"
"3G59","A","1","Q6FNA9"
"3G6V","P","2",""
"3G6V","T","3",""
"3G6V","A","1","Q9UNA4"
"3GAH","A","1","Q50EJ2"
"3GAI","A","1","Q50EJ2"
"3GAJ","A","1","Q50EJ2"
"3GBU","A","1","O59128"
"3GBU","D","1","O59128"
"3GBU","B","1","O59128"
"3GBU","C","1","O59128"
"3GNI","B","2","Q7RTN6"
"3GNI","A","1","Q9Y376"
"3GQK","A","1","P20345"
"3H0R","G","1","O66610"
"3H0R","O","3","O67904"
"3H0R","W","2","O66766"
"3H0R","B","2","O66766"
"3H0R","J","1","O66610"
"3H0R","R","3","O67904"
"3H0R","E","2","O66766"
"3H0R","M","1","O66610"
"3H0R","U","3","O67904"
"3H0R","H","2","O66766"
"3H0R","P","1","O66610"
"3H0R","X","3","O67904"
"3H0R","C","3","O67904"
"3H0R","K","2","O66766"
"3H0R","S","1","O66610"
"3H0R","F","3","O67904"
"3H0R","N","2","O66766"
"3H0R","V","1","O66610"
"3H0R","A","1","O66610"
"3H0R","I","3","O67904"
"3H0R","Q","2","O66766"
"3H0R","D","1","O66610"
"3H0R","L","3","O67904"
"3H0R","T","2","O66766"
"3H1Q","B","1","Q3AE93"
"3H1Q","A","1","Q3AE93"
"3H39","A","1","Q9WZH4"
"3H39","B","1","Q9WZH4"
"3H5N","C","1","Q47506"
"3H5N","A","1","Q47506"
"3H5N","D","1","Q47506"
"3H5N","B","1","Q47506"
"3H8V","B","1","Q9GZZ9"
"3H8V","A","1","Q9GZZ9"
"3HAV","C","1","Q9EVD7"
"3HAV","A","1","Q9EVD7"
"3HAV","B","1","Q9EVD7"
"3HBT","A","1","P68135"
"3HGM","A","1","E1VBK4"
"3HGM","D","1","E1VBK4"
"3HGM","B","1","E1VBK4"
"3HGM","C","1","E1VBK4"
"3HMN","A","1","P33981"
"3HNE","B","1","P23921"
"3HNE","A","1","P23921"
"3HQO","B","1","Q27686"
"3HQO","C","1","Q27686"
"3HQO","A","1","Q27686"
"3HQO","K","1","Q27686"
"3HQP","F","1","Q27686"
"3HQP","N","1","Q27686"
"3HQP","A","1","Q27686"
"3HQP","I","1","Q27686"
"3HQP","D","1","Q27686"
"3HQP","L","1","Q27686"
"3HQP","G","1","Q27686"
"3HQP","O","1","Q27686"
"3HQP","B","1","Q27686"
"3HQP","J","1","Q27686"
"3HQP","E","1","Q27686"
"3HQP","M","1","Q27686"
"3HQP","H","1","Q27686"
"3HQP","P","1","Q27686"
"3HQP","C","1","Q27686"
"3HQP","K","1","Q27686"
"3HRC","A","1","O15530"
"3HRF","A","1","O15530"
"3HY2","Y","2","Q9BYN0"
"3HY2","B","1","Q06830"
"3HY2","X","2","Q9BYN0"
"3HY2","A","1","Q06830"
"3HZI","T","3",""
"3HZI","A","1","P23874"
"3HZI","B","2","P23873"
"3I7V","A","1","O66548"
"3I7V","B","1","O66548"
"3IBQ","A","1","F9UM74"
"3IE7","A","1","Q929S5"
"3IKH","A","1","A6T989"
"3IKH","D","1","A6T989"
"3IKH","B","1","A6T989"
"3IKH","C","1","A6T989"
"3IN5","T","3",""
"3IN5","P","2",""
"3IN5","U","3",""
"3IN5","A","1","Q9UBT6"
"3IN5","Q","2",""
"3IN5","B","1","Q9UBT6"
"3INN","B","1","Q8YFC9"
"3INN","C","1","Q8YFC9"
"3INN","A","1","Q8YFC9"
"3INN","D","1","Q8YFC9"
"3IQ0","A","1","A0A0H2VDX9"
"3IQ0","B","1","A0A0H2VDX9"
"3J16","I","11","P0CX41"
"3J16","A","1","P33309"
"3J16","D","12","P0CX31"
"3J16","L","5",""
"3J16","G","8","P05317"
"3J16","J","3",""
"3J16","B","2","Q03195"
"3J16","E","7","P0CX33"
"3J16","H","10","P0CX53"
"3J16","K","4",""
"3J16","C","9","P0CX37"
"3J16","F","6","P05738"
"3J1F","E","1","Q877H2"
"3J1F","N","1","Q877H2"
"3J1F","H","1","Q877H2"
"3J1F","Q","1","Q877H2"
"3J1F","C","1","Q877H2"
"3J1F","L","1","Q877H2"
"3J1F","F","1","Q877H2"
"3J1F","O","1","Q877H2"
"3J1F","A","1","Q877H2"
"3J1F","I","1","Q877H2"
"3J1F","R","1","Q877H2"
"3J1F","D","1","Q877H2"
"3J1F","M","1","Q877H2"
"3J1F","G","1","Q877H2"
"3J1F","P","1","Q877H2"
"3J1F","B","1","Q877H2"
"3J1F","K","1","Q877H2"
"3J1F","S","1","Q877H2"
"3J2T","C","1","O14727"
"3J2T","K","2","P62894"
"3J2T","F","1","O14727"
"3J2T","N","2","P62894"
"3J2T","A","1","O14727"
"3J2T","I","2","P62894"
"3J2T","D","1","O14727"
"3J2T","L","2","P62894"
"3J2T","G","1","O14727"
"3J2T","B","1","O14727"
"3J2T","J","2","P62894"
"3J2T","E","1","O14727"
"3J2T","M","2","P62894"
"3J2T","H","2","P62894"
"3J8Y","K","1","P33176"
"3J8Y","A","2","Q2XVP4"
"3J8Y","B","3","F2Z5B2"
"3J94","B","1","P18708"
"3J94","E","1","P18708"
"3J94","C","1","P18708"
"3J94","F","1","P18708"
"3J94","A","1","P18708"
"3J94","D","1","P18708"
"3JAY","D","3","C6K2M8"
"3JAY","B","2","Q6TS43"
"3JAY","E","3","C6K2M8"
"3JAY","C","2","Q6TS43"
"3JAY","A","1","Q914N6"
"3JB3","B","2","Q6TS43"
"3JB3","E","3","C6K2M8"
"3JB3","C","2","Q6TS43"
"3JB3","A","1","Q914N6"
"3JB3","D","3","C6K2M8"
"3JC9","Qc","6","Q9ZFG1"
"3JC9","Ab","1",""
"3JC9","Qk","6","Q9ZFG1"
"3JC9","Mc","5","Q1D0B0"
"3JC9","Tg","8","Q1D813"
"3JC9","Mk","5","Q1D0B0"
"3JC9","Ng","3","Q306N5"
"3JC9","Oc","4","Q306N4"
"3JC9","Ok","4","Q306N4"
"3JC9","Pg","7","Q306N3"
"3JC9","Qf","6","Q9ZFG1"
"3JC9","Ae","1",""
"3JC9","Tb","8","Q1D813"
"3JC9","Mf","5","Q1D0B0"
"3JC9","Tj","8","Q1D813"
"3JC9","Nb","3","Q306N5"
"3JC9","Nj","3","Q306N5"
"3JC9","Of","4","Q306N4"
"3JC9","Pb","7","Q306N3"
"3JC9","Pj","7","Q306N3"
"3JC9","Qi","6","Q9ZFG1"
"3JC9","Ma","5","Q1D0B0"
"3JC9","Te","8","Q1D813"
"3JC9","Mi","5","Q1D0B0"
"3JC9","Ne","3","Q306N5"
"3JC9","Oa","4","Q306N4"
"3JC9","Oi","4","Q306N4"
"3JC9","Pe","7","Q306N3"
"3JC9","Qa","6","Q9ZFG1"
"3JC9","Qd","6","Q9ZFG1"
"3JC9","Ac","1",""
"3JC9","Ql","6","Q9ZFG1"
"3JC9","Md","5","Q1D0B0"
"3JC9","Th","8","Q1D813"
"3JC9","Ml","5","Q1D0B0"
"3JC9","Nh","3","Q306N5"
"3JC9","Od","4","Q306N4"
"3JC9","Ol","4","Q306N4"
"3JC9","Ph","7","Q306N3"
"3JC9","Qg","6","Q9ZFG1"
"3JC9","Ca","2","Q1D0A0"
"3JC9","Tc","8","Q1D813"
"3JC9","Mg","5","Q1D0B0"
"3JC9","Tk","8","Q1D813"
"3JC9","Nc","3","Q306N5"
"3JC9","Nk","3","Q306N5"
"3JC9","Og","4","Q306N4"
"3JC9","Pc","7","Q306N3"
"3JC9","Pk","7","Q306N3"
"3JC9","Aa","1",""
"3JC9","Qj","6","Q9ZFG1"
"3JC9","Mb","5","Q1D0B0"
"3JC9","Tf","8","Q1D813"
"3JC9","Mj","5","Q1D0B0"
"3JC9","Nf","3","Q306N5"
"3JC9","Ob","4","Q306N4"
"3JC9","Oj","4","Q306N4"
"3JC9","Pf","7","Q306N3"
"3JC9","Qb","6","Q9ZFG1"
"3JC9","Qe","6","Q9ZFG1"
"3JC9","Ad","1",""
"3JC9","Ta","8","Q1D813"
"3JC9","Me","5","Q1D0B0"
"3JC9","Ti","8","Q1D813"
"3JC9","Na","3","Q306N5"
"3JC9","Ni","3","Q306N5"
"3JC9","Oe","4","Q306N4"
"3JC9","Pa","7","Q306N3"
"3JC9","Pi","7","Q306N3"
"3JC9","Qh","6","Q9ZFG1"
"3JC9","Cb","2","Q1D0A0"
"3JC9","Td","8","Q1D813"
"3JC9","Mh","5","Q1D0B0"
"3JC9","Tl","8","Q1D813"
"3JC9","Nd","3","Q306N5"
"3JC9","Nl","3","Q306N5"
"3JC9","Oh","4","Q306N4"
"3JC9","Pd","7","Q306N3"
"3JC9","Pl","7","Q306N3"
"3JZM","C","1","Q79PF4"
"3JZM","F","1","Q79PF4"
"3JZM","A","1","Q79PF4"
"3JZM","D","1","Q79PF4"
"3JZM","B","1","Q79PF4"
"3JZM","E","1","Q79PF4"
"3K09","E","1","Q79PF4"
"3K09","C","2","Q79PF4"
"3K09","F","2","Q79PF4"
"3K09","A","1","Q79PF4"
"3K09","D","2","Q79PF4"
"3K09","B","1","Q79PF4"
"3K0A","B","2","Q79PF4"
"3K0A","E","2","Q79PF4"
"3K0A","C","2","Q79PF4"
"3K0A","F","2","Q79PF4"
"3K0A","A","1","Q79PF4"
"3K0A","D","2","Q79PF4"
"3K0C","A","1","Q79PF4"
"3K0C","D","2","Q79PF4"
"3K0C","B","1","Q79PF4"
"3K0C","E","1","Q79PF4"
"3K0C","C","2","Q79PF4"
"3K0C","F","1","Q79PF4"
"3K0E","C","1","Q79PF4"
"3K0E","F","1","Q79PF4"
"3K0E","A","1","Q79PF4"
"3K0E","D","1","Q79PF4"
"3K0E","B","1","Q79PF4"
"3K0E","E","1","Q79PF4"
"3K0F","E","2","Q79PF4"
"3K0F","C","2","Q79PF4"
"3K0F","F","2","Q79PF4"
"3K0F","A","1","Q79PF4"
"3K0F","D","2","Q79PF4"
"3K0F","B","2","Q79PF4"
"3K5H","B","1","A1CII2"
"3K5H","C","1","A1CII2"
"3K5H","A","1","A1CII2"
"3K5H","D","1","A1CII2"
"3KE5","C","1","Q813T7"
"3KE5","A","1","Q813T7"
"3KE5","B","1","Q813T7"
"3KEU","A","1","O00764"
"3KEU","B","1","O00764"
"3KMW","A","1","Q13418"
"3KMW","B","2","Q9NVD7"
"3LCB","D","2","P08200"
"3LCB","B","1","Q8X607"
"3LCB","C","2","P08200"
"3LCB","A","1","Q8X607"
"3LDL","A","1","P11021"
"3LDL","B","1","P11021"
"3LEV","A","1","Q9EZJ8"
"3LEV","H","3",""
"3LEV","L","2",""
"3LF0","C","1","P9WN31"
"3LF0","A","1","P9WN31"
"3LF0","B","1","P9WN31"
"3LFZ","A","1","Q58622"
"3LGX","B","1","Q99ZA6"
"3LGX","C","1","Q99ZA6"
"3LGX","A","1","Q99ZA6"
"3LGX","D","1","Q99ZA6"
"3LKI","A","1","Q87CC0"
"3LKI","B","1","Q87CC0"
"3LKK","A","1","Q9HLX1"
"3LKK","B","1","Q9HLX1"
"3LL3","B","1","Q5FM28"
"3LL3","A","1","Q5FM28"
"3LL5","C","1","Q9HLX1"
"3LL5","A","1","Q9HLX1"
"3LL5","D","1","Q9HLX1"
"3LL5","B","1","Q9HLX1"
"3LMI","A","1","P42527"
"3LMI","D","1","P42527"
"3LMI","B","1","P42527"
"3LMI","C","1","P42527"
"3LQQ","A","1","P30429"
"3LQQ","B","1","P30429"
"3LQR","A","1","P30429"
"3LQR","B","1","P30429"
"3LRR","A","1","O95786"
"3LRR","D","2",""
"3LRR","B","1","O95786"
"3LRR","C","2",""
"3LSS","A","1","Q384V4"
"3LSS","B","1","Q384V4"
"3LTA","A","1",""
"3LTC","A","1",""
"3LY6","A","1","P21980"
"3LY6","B","1","P21980"
"3LY6","C","1","P21980"
"3M0E","F","1","O67198"
"3M0E","A","1","O67198"
"3M0E","D","1","O67198"
"3M0E","G","1","O67198"
"3M0E","B","1","O67198"
"3M0E","E","1","O67198"
"3M0E","C","1","O67198"
"3M1F","V","2","Q87GE5"
"3M1F","A","1","P68135"
"3M3N","W","2","P20065, Q91YD9"
"3M3N","A","1","P68135"
"3M3N","B","1","P68135"
"3M6G","B","1","P68135"
"3M6G","A","1","P68135"
"3M9O","T","3",""
"3M9O","B","1","Q97W02"
"3M9O","P","2",""
"3MEY","A","1","Q89VT8"
"3MEY","B","1","Q89VT8"
"3MHY","C","1","P70731"
"3MHY","A","1","P70731"
"3MHY","B","1","P70731"
"3MMV","A","1","P10987"
"3MMV","X","2","Q9U1K1"
"3MN5","A","1","P68135"
"3MN5","S","2","Q9U1K1"
"3MN6","X","2","Q9U1K1"
"3MN6","F","1","P10987"
"3MN6","Y","2","Q9U1K1"
"3MN6","K","1","P10987"
"3MN6","Z","2","Q9U1K1"
"3MN6","A","1","P10987"
"3MN7","A","1","P10987"
"3MN7","S","2","Q9U1K1"
"3MN9","X","2","Q9U1K1"
"3MN9","A","1","P10987"
"3NCQ","B","1","O28527"
"3NCQ","C","1","O28527"
"3NCQ","A","1","O28527"
"3ND6","B","1","Q831P9"
"3ND6","E","1","Q831P9"
"3ND6","C","1","Q831P9"
"3ND6","F","1","Q831P9"
"3ND6","A","1","Q831P9"
"3ND6","D","1","Q831P9"
"3NEM","A","1","Q52428"
"3NEM","B","1","Q52428"
"3NH9","A","1","Q9NP58"
"3O8L","A","1","P00511"
"3O8L","B","1","P00511"
"3OPY","L","3","A7MAS3"
"3OPY","D","2","Q8TGA0"
"3OPY","G","1","Q8NJU8"
"3OPY","B","2","Q8TGA0"
"3OPY","J","3","A7MAS3"
"3OPY","E","1","Q8NJU8"
"3OPY","H","2","Q8TGA0"
"3OPY","K","3","A7MAS3"
"3OPY","C","1","Q8NJU8"
"3OPY","F","2","Q8TGA0"
"3OPY","A","1","Q8NJU8"
"3OPY","I","3","A7MAS3"
"3OS3","A","1","Q02750"
"3OV7","B","1","O28126"
"3OV7","C","2",""
"3OV7","A","1","O28126"
"3OV7","D","2",""
"3OVB","C","2",""
"3OVB","A","1","O28126"
"3OVB","D","2",""
"3OVB","B","1","O28126"
"3PGK","A","1","P00560"
"3PJR","A","3","P56255"
"3PJR","Y","1",""
"3PJR","Z","2",""
"3PP1","A","1","Q02750"
"3PR4","P","2",""
"3PR4","T","3",""
"3PR4","A","1","Q97W02"
"3PR5","P","2",""
"3PR5","T","3",""
"3PR5","B","1","Q97W02"
"3Q53","A","1","Q13153"
"3Q60","A","1","F2YGR7"
"3Q9L","B","1","P0AEZ3"
"3Q9L","A","1","P0AEZ3"
"3QAL","E","1","P05132"
"3QAL","I","2","P63248"
"3QAM","E","1","P05132"
"3QAM","I","2","P63248"
"3QB0","D","1","P80428"
"3QB0","B","1","P80428"
"3QB0","C","1","P80428"
"3QB0","A","1","P80428"
"3QNO","T","2",""
"3QNO","A","1","Q38087"
"3QNO","P","3",""
"3QO3","E","1","P0A6X3"
"3QO3","C","1","P0A6X3"
"3QO3","F","1","P0A6X3"
"3QO3","A","1","P0A6X3"
"3QO3","D","1","P0A6X3"
"3QO3","B","1","P0A6X3"
"3QO7","A","1","Q9HGT6"
"3QUN","A","1","Q56187"
"3QUO","A","1","Q56187"
"3QX9","B","1","Q9UKV8"
"3QX9","C","1","Q9UKV8"
"3QX9","A","1","Q9UKV8"
"3QXC","A","1","O24872"
"3R1R","C","1","P00452"
"3R1R","F","2","P69924"
"3R1R","A","1","P00452"
"3R1R","D","2","P69924"
"3R1R","P","2","P69924"
"3R1R","B","1","P00452"
"3R1R","E","2","P69924"
"3R5F","A","1","Q5H614"
"3R5X","C","1","Q81Q29"
"3R5X","A","1","Q81Q29"
"3R5X","D","1","Q81Q29"
"3R5X","B","1","Q81Q29"
"3REP","B","2","Q9NVD7"
"3REP","A","1","Q13418"
"3REU","B","1","Q9V228"
"3REU","A","1","Q9V228"
"3RGL","A","1","Q9PPK3"
"3RGL","B","1","Q9PPK3"
"3RK1","A","1","Q8U2K6"
"3RK1","B","1","Q8U2K6"
"3RRF","B","2",""
"3RRF","A","1","Q9X024"
"3RTC","B","2",""
"3RTC","A","1","Q9X024"
"3RTE","A","1","Q9X024"
"3RTE","B","2",""
"3RTG","A","1","Q9X024"
"3RTG","B","2",""
"3RU3","B","2",""
"3RU3","A","1","Q9X024"
"3RWU","P","3",""
"3RWU","T","2",""
"3RWU","A","1","Q38087"
"3S1A","B","2","Q79PF4"
"3S1A","E","2","Q79PF4"
"3S1A","C","2","Q79PF4"
"3S1A","F","1","Q79PF4"
"3S1A","A","1","Q79PF4"
"3S1A","D","2","Q79PF4"
"3S1Q","A","1","P04050"
"3S1Q","K","9","P38902"
"3S1Q","E","4","P20434"
"3S1Q","T","12",""
"3S1Q","I","7","P27999"
"3S1Q","B","2","P08518"
"3S1Q","L","10","P40422"
"3S1Q","F","5","P20435"
"3S1Q","J","8","P22139"
"3S1Q","C","3","P16370"
"3S1Q","R","11",""
"3S1Q","H","6","P20436"
"3S3T","E","1","F9UMW3"
"3S3T","H","1","F9UMW3"
"3S3T","C","1","F9UMW3"
"3S3T","F","1","F9UMW3"
"3S3T","A","1","F9UMW3"
"3S3T","D","1","F9UMW3"
"3S3T","G","1","F9UMW3"
"3S3T","B","1","F9UMW3"
"3SE7","E","1",""
"3SE7","C","1",""
"3SE7","F","1",""
"3SE7","A","1",""
"3SE7","D","1",""
"3SE7","B","1",""
"3SEZ","B","1","P9WJJ3"
"3SEZ","C","1","P9WJJ3"
"3SEZ","A","1","P9WJJ3"
"3SEZ","D","1","P9WJJ3"
"3SI7","C","1","P26361"
"3SI7","A","1","P26361"
"3SI7","D","1","P26361"
"3SI7","B","1","P26361"
"3SJH","B","2","O97428, P62326"
"3SJH","A","1","P68135"
"3SL2","A","1","Q45614"
"3SUC","A","1","P20345"
"3T0Z","A","1","P07900"
"3T54","A","1","O43314"
"3T8O","A","1","P28327"
"3TA0","C","1","O28524"
"3TA0","F","1","O28524"
"3TA0","A","1","O28524"
"3TA0","D","1","O28524"
"3TA0","B","1","O28524"
"3TA0","E","1","O28524"
"3TA2","B","1","O28524"
"3TA2","C","1","O28524"
"3TA2","A","1","O28524"
"3TLX","B","1","Q7Z0H0"
"3TLX","C","1","Q7Z0H0"
"3TLX","A","1","Q7Z0H0"
"3TLX","D","1","Q7Z0H0"
"3TO3","A","1","Q81RQ8"
"3TO3","B","1","Q81RQ8"
"3TPQ","A","1","P68135"
"3TPQ","D","1","P68135"
"3TPQ","B","1","P68135"
"3TPQ","E","1","P68135"
"3TPQ","C","1","P68135"
"3TPQ","M","2",""
"3TU5","A","1","P68135"
"3TU5","B","2","P06396, P62328, Q5NBX1"
"3TUT","A","1","P46849"
"3TUV","A","1","P35559"
"3TUV","B","2",""
"3TUX","A","1","P46849"
"3TW3","A","1","P46849"
"3TY5","B","1","A3DJ38"
"3TY5","A","1","A3DJ38"
"3U4L","P","2","P02584"
"3U4L","A","1","P60712"
"3U8X","C","1","P68135"
"3U8X","A","1","P68135"
"3U8X","D","2","O97428, P62326"
"3U8X","B","2","O97428, P62326"
"3U9D","D","2","O97428, P62326"
"3U9D","B","2","O97428, P62326"
"3U9D","C","1","P68136"
"3U9D","A","1","P68136"
"3UB5","A","1","P60712"
"3UB5","P","2","P02584"
"3UBT","F","2",""
"3UBT","Y","1","P20589"
"3UBT","A","1","P20589"
"3UBT","D","2",""
"3UBT","G","2",""
"3UBT","B","1","P20589"
"3UBT","E","2",""
"3UBT","H","2",""
"3UBT","C","2",""
"3UC5","A","1","P9WPA5"
"3UE5","B","2","Q9U1K1"
"3UE5","A","1","P68135"
"3UFG","B","1","Q9PPK3"
"3UFG","A","1","Q9PPK3"
"3ULE","C","3","Q58CQ2"
"3ULE","F","6","Q148J6"
"3ULE","A","1","P61157"
"3ULE","D","4","Q3MHR7"
"3ULE","G","7","Q3SYX9"
"3ULE","B","2","A7MB62"
"3ULE","E","5","Q3T035"
"3UMO","A","1","P06999"
"3UMO","B","1","P06999"
"3UMP","B","1","P06999"
"3UMP","A","1","P06999"
"3UQD","C","1","P06999"
"3UQD","A","1","P06999"
"3UQD","D","1","P06999"
"3UQD","B","1","P06999"
"3UQE","A","1","P06999"
"3UQE","B","1","P06999"
"3V01","A","1","Q02750"
"3V04","A","1","Q02750"
"3V2U","C","2","P13045"
"3V2U","A","1","P04387"
"3V2U","D","2","P13045"
"3V2U","B","1","P04387"
"3V4S","A","1","A0A0J9X1A2"
"3V4S","B","1","A0A0J9X1A2"
"3VEZ","A","1","Q70IY1"
"3VH4","A","1","P38862"
"3VH4","B","2","P38182"
"3VNQ","A","1",""
"3VNU","T","3",""
"3VNU","A","1","P0A6N3, P0A6P3, P14647"
"3VNU","G","2",""
"3VVH","C","1","Q02750"
"3VVH","A","1","Q02750"
"3VVH","B","1","Q02750"
"3VX4","A","1","Q8DW05"
"3VX4","D","1","Q8DW05"
"3W1G","A","1","P49917"
"3W1G","B","2","Q96SD1"
"3W2W","A","1","Q8U1S6"
"3W2W","B","2","Q8U1S7"
"3W3D","B","2","P00639"
"3W3D","A","1","P63270"
"3W5O","A","1","P49917"
"3W5O","B","1","P49917"
"3WBZ","C","1","Q5AFK5"
"3WBZ","F","1","Q5AFK5"
"3WBZ","A","1","Q5AFK5"
"3WBZ","D","1","Q5AFK5"
"3WBZ","G","1","Q5AFK5"
"3WBZ","B","1","Q5AFK5"
"3WBZ","E","1","Q5AFK5"
"3WBZ","H","1","Q5AFK5"
"3WDL","C","1","Q5JIZ8"
"3WDL","A","1","Q5JIZ8"
"3WDL","D","1","Q5JIZ8"
"3WDL","B","1","Q5JIZ8"
"3WHK","G","1","P33297, Q8U4H3"
"3WHK","B","1","P33297, Q8U4H3"
"3WHK","E","1","P33297, Q8U4H3"
"3WHK","H","1","P33297, Q8U4H3"
"3WHK","C","1","P33297, Q8U4H3"
"3WHK","F","1","P33297, Q8U4H3"
"3WHK","A","1","P33297, Q8U4H3"
"3WHK","D","1","P33297, Q8U4H3"
"3WHL","G","1","P33297, Q8U4H3"
"3WHL","B","2","P40555"
"3WHL","E","1","P33297, Q8U4H3"
"3WHL","H","2","P40555"
"3WHL","C","1","P33297, Q8U4H3"
"3WHL","F","2","P40555"
"3WHL","A","1","P33297, Q8U4H3"
"3WHL","D","2","P40555"
"3WJQ","A","1","Q5JII7"
"3WQU","A","1","Q6GHQ0"
"3WQU","D","1","Q6GHQ0"
"3WQU","B","1","Q6GHQ0"
"3WQU","C","1","Q6GHQ0"
"3WT0","B","1","Q8NX33"
"3WT0","C","1","Q8NX33"
"3WT0","A","1","Q8NX33"
"3WT0","D","1","Q8NX33"
"3WV8","A","1","D9PY12"
"3WV8","B","1","D9PY12"
"3WV9","D","1","D9PY12"
"3WV9","B","1","D9PY12"
"3WV9","C","1","D9PY12"
"3WV9","A","1","D9PY12"
"3WVL","X","2","P0A6F9"
"3WVL","H","1","P0A6F5"
"3WVL","P","2","P0A6F9"
"3WVL","a","2","P0A6F9"
"3WVL","C","1","P0A6F5"
"3WVL","K","1","P0A6F5"
"3WVL","S","2","P0A6F9"
"3WVL","V","2","P0A6F9"
"3WVL","F","1","P0A6F5"
"3WVL","N","1","P0A6F5"
"3WVL","Y","2","P0A6F9"
"3WVL","A","1","P0A6F5"
"3WVL","I","1","P0A6F5"
"3WVL","Q","2","P0A6F9"
"3WVL","T","2","P0A6F9"
"3WVL","b","2","P0A6F9"
"3WVL","D","1","P0A6F5"
"3WVL","L","1","P0A6F5"
"3WVL","W","2","P0A6F9"
"3WVL","G","1","P0A6F5"
"3WVL","O","2","P0A6F9"
"3WVL","Z","2","P0A6F9"
"3WVL","B","1","P0A6F5"
"3WVL","J","1","P0A6F5"
"3WVL","R","2","P0A6F9"
"3WVL","U","2","P0A6F9"
"3WVL","E","1","P0A6F5"
"3WVL","M","1","P0A6F5"
"3X2U","S","2","P61925"
"3X2U","A","1","P05132"
"3X2V","S","2","P61925"
"3X2V","A","1","P05132"
"3X2W","A","1","P05132"
"3X2W","S","2","P61925"
"3ZC7","A","1","E6Z0R3"
"3ZC7","B","2","E6Z0R4"
"3ZCB","B","2","E6Z0R4"
"3ZCB","A","1","E6Z0R3"
"3ZCN","B","1","Q8E9K5"
"3ZCN","A","1","Q8E9K5"
"3ZIA","H","4","Q12165"
"3ZIA","P","2","P00830"
"3ZIA","C","1","P07251"
"3ZIA","K","1","P07251"
"3ZIA","S","5","P21306"
"3ZIA","F","2","P00830"
"3ZIA","N","2","P00830"
"3ZIA","A","1","P07251"
"3ZIA","I","5","P21306"
"3ZIA","Q","3","P38077"
"3ZIA","D","2","P00830"
"3ZIA","L","1","P07251"
"3ZIA","T","6","P01097"
"3ZIA","G","3","P38077"
"3ZIA","O","2","P00830"
"3ZIA","B","1","P07251"
"3ZIA","J","6","P01097"
"3ZIA","R","4","Q12165"
"3ZIA","E","2","P00830"
"3ZIA","M","1","P07251"
"3ZS7","A","1","O15927"
"4A06","A","1","O15530"
"4A07","A","1","O15530"
"4A2A","A","1","Q9WZU0"
"4A2A","D","2","O08398"
"4A2A","B","1","Q9WZU0"
"4A2A","C","2","O08398"
"4A6X","A","1","O74036"
"4A6X","B","1","O74036"
"4A8F","C","1","P11124"
"4A8F","A","1","P11124"
"4A8F","G","2",""
"4A8F","B","1","P11124"
"4A8M","P","2","P11124"
"4A8M","Q","2","P11124"
"4A8M","B","1",""
"4A8M","R","2","P11124"
"4A8Q","C","1","P11124"
"4A8Q","H","2",""
"4A8Q","A","1","P11124"
"4A8Q","F","2",""
"4A8Q","B","1","P11124"
"4A8Q","G","2",""
"4A8S","G","2",""
"4A8S","C","1","P11124"
"4A8S","H","2",""
"4A8S","A","1","P11124"
"4A8S","F","2",""
"4A8S","B","1","P11124"
"4A8W","B","1","P11124"
"4A8W","G","2",""
"4A8W","C","1","P11124"
"4A8W","H","2",""
"4A8W","A","1","P11124"
"4A8W","F","2",""
"4A8Y","A","1","P11124"
"4A8Y","F","2",""
"4A8Y","B","1","P11124"
"4A8Y","G","2",""
"4A8Y","C","1","P11124"
"4A8Y","H","2",""
"4AAQ","C","1","P0A6F5"
"4AAQ","K","1","P0A6F5"
"4AAQ","F","1","P0A6F5"
"4AAQ","N","1","P0A6F5"
"4AAQ","A","1","P0A6F5"
"4AAQ","I","1","P0A6F5"
"4AAQ","D","1","P0A6F5"
"4AAQ","L","1","P0A6F5"
"4AAQ","G","1","P0A6F5"
"4AAQ","B","1","P0A6F5"
"4AAQ","J","1","P0A6F5"
"4AAQ","E","1","P0A6F5"
"4AAQ","M","1","P0A6F5"
"4AAQ","H","1","P0A6F5"
"4AAR","E","1","P0A6F5"
"4AAR","M","1","P0A6F5"
"4AAR","H","1","P0A6F5"
"4AAR","C","1","P0A6F5"
"4AAR","K","1","P0A6F5"
"4AAR","F","1","P0A6F5"
"4AAR","N","1","P0A6F5"
"4AAR","A","1","P0A6F5"
"4AAR","I","1","P0A6F5"
"4AAR","D","1","P0A6F5"
"4AAR","L","1","P0A6F5"
"4AAR","G","1","P0A6F5"
"4AAR","B","1","P0A6F5"
"4AAR","J","1","P0A6F5"
"4AAS","G","1","P0A6F5"
"4AAS","J","1","P0A6F5"
"4AAS","B","1","P0A6F5"
"4AAS","M","1","P0A6F5"
"4AAS","E","1","P0A6F5"
"4AAS","H","1","P0A6F5"
"4AAS","K","1","P0A6F5"
"4AAS","C","1","P0A6F5"
"4AAS","N","1","P0A6F5"
"4AAS","F","1","P0A6F5"
"4AAS","I","1","P0A6F5"
"4AAS","A","1","P0A6F5"
"4AAS","L","1","P0A6F5"
"4AAS","D","1","P0A6F5"
"4AAU","A","1","P0A6F5"
"4AAU","I","1","P0A6F5"
"4AAU","D","1","P0A6F5"
"4AAU","L","1","P0A6F5"
"4AAU","G","1","P0A6F5"
"4AAU","B","1","P0A6F5"
"4AAU","J","1","P0A6F5"
"4AAU","E","1","P0A6F5"
"4AAU","M","1","P0A6F5"
"4AAU","H","1","P0A6F5"
"4AAU","C","1","P0A6F5"
"4AAU","K","1","P0A6F5"
"4AAU","F","1","P0A6F5"
"4AAU","N","1","P0A6F5"
"4AB2","C","1","P0A6F5"
"4AB2","K","1","P0A6F5"
"4AB2","F","1","P0A6F5"
"4AB2","N","1","P0A6F5"
"4AB2","A","1","P0A6F5"
"4AB2","I","1","P0A6F5"
"4AB2","D","1","P0A6F5"
"4AB2","L","1","P0A6F5"
"4AB2","G","1","P0A6F5"
"4AB2","B","1","P0A6F5"
"4AB2","J","1","P0A6F5"
"4AB2","E","1","P0A6F5"
"4AB2","M","1","P0A6F5"
"4AB2","H","1","P0A6F5"
"4AB3","E","1","P0A6F5"
"4AB3","M","1","P0A6F5"
"4AB3","H","1","P0A6F5"
"4AB3","C","1","P0A6F5"
"4AB3","K","1","P0A6F5"
"4AB3","F","1","P0A6F5"
"4AB3","N","1","P0A6F5"
"4AB3","A","1","P0A6F5"
"4AB3","I","1","P0A6F5"
"4AB3","D","1","P0A6F5"
"4AB3","L","1","P0A6F5"
"4AB3","G","1","P0A6F5"
"4AB3","B","1","P0A6F5"
"4AB3","J","1","P0A6F5"
"4AFF","A","1","P0A3F4"
"4AI6","A","1","P08515, P36022"
"4AI6","B","1","P08515, P36022"
"4AKG","B","1","P08515, P36022"
"4AKG","A","1","P08515, P36022"
"4AKH","B","1","P08515, P36022"
"4AKH","A","1","P08515, P36022"
"4AKI","A","1","P08515, P36022"
"4AKI","B","1","P08515, P36022"
"4AN3","A","1","Q02750"
"4AT1","C","1","P0A786"
"4AT1","A","1","P0A786"
"4AT1","D","2","P0A7F3"
"4AT1","B","2","P0A7F3"
"4AT8","A","1","Q9CXY6"
"4AT8","D","2","Q9Z1X4"
"4AT8","B","2","Q9Z1X4"
"4AT8","C","1","Q9CXY6"
"4AUI","E","2",""
"4AUI","C","1","Q51056"
"4AUI","F","2",""
"4AUI","A","1","Q51056"
"4AUI","D","2",""
"4AUI","B","1","Q51056"
"4AW0","A","1","O15530"
"4AW1","A","1","O15530"
"4AZW","A","1","Q47592"
"4B0S","A","1","A0LU48"
"4B1U","B","1","P68134"
"4B1U","M","2","Q2M3X8"
"4B1V","A","1","P68135"
"4B1V","N","2","Q2M3X8"
"4B1V","B","1","P68135"
"4B1V","M","2","Q2M3X8"
"4B1W","B","1","P68135"
"4B1W","M","2","Q2M3X8"
"4B1X","B","1","P68135"
"4B1X","M","2","Q2M3X8"
"4B1Y","B","1","P68135"
"4B1Y","M","2","Q2M3X8"
"4B1Z","M","2","Q2M3X8"
"4B1Z","B","1","P68135"
"4B1Z","E","1","P68135"
"4B1Z","N","2","Q2M3X8"
"4B1Z","C","1","P68135"
"4B1Z","F","1","P68135"
"4B1Z","A","1","P68135"
"4B1Z","D","1","P68135"
"4B2Q","W","12","P13621"
"4B2Q","h","6","Q12165"
"4B2Q","p","8","P61829"
"4B2Q","G","5","P38077"
"4B2Q","O","8","P61829"
"4B2Q","c","1","P07251"
"4B2Q","k","8","P61829"
"4B2Q","s","8","P61829"
"4B2Q","B","2","P07251"
"4B2Q","J","8","P61829"
"4B2Q","R","8","P61829"
"4B2Q","U","10","P13620"
"4B2Q","f","4","P00830"
"4B2Q","n","8","P61829"
"4B2Q","v","11","P02721"
"4B2Q","E","4","P00830"
"4B2Q","M","8","P61829"
"4B2Q","a","1","P07251"
"4B2Q","i","7","P21306"
"4B2Q","q","8","P61829"
"4B2Q","H","6","Q12165"
"4B2Q","P","8","P61829"
"4B2Q","d","3","P00830"
"4B2Q","l","8","P61829"
"4B2Q","t","9","P13619"
"4B2Q","C","1","P07251"
"4B2Q","K","8","P61829"
"4B2Q","S","8","P61829"
"4B2Q","V","11","P02721"
"4B2Q","g","5","P38077"
"4B2Q","o","8","P61829"
"4B2Q","w","12","P13621"
"4B2Q","F","4","P00830"
"4B2Q","N","8","P61829"
"4B2Q","b","2","P07251"
"4B2Q","j","8","P61829"
"4B2Q","r","8","P61829"
"4B2Q","A","1","P07251"
"4B2Q","I","7","P21306"
"4B2Q","Q","8","P61829"
"4B2Q","e","4","P00830"
"4B2Q","m","8","P61829"
"4B2Q","u","10","P13620"
"4B2Q","D","3","P00830"
"4B2Q","L","8","P61829"
"4B2Q","T","9","P13619"
"4B9Q","A","1","P0A6Y8"
"4B9Q","D","1","P0A6Y8"
"4B9Q","B","1","P0A6Y8"
"4B9Q","C","1","P0A6Y8"
"4BE7","B","1","P10486"
"4BE7","D","1","P10486"
"4BEB","C","1","P10486"
"4BEB","A","1","P10486"
"4BEB","D","1","P10486"
"4BEB","B","1","P10486"
"4BEC","B","1","P10486"
"4BEC","A","1","P10486"
"4BIV","A","1","P0AE82"
"4BIV","B","1","P0AE82"
"4BJR","A","1","Q8NQE0, Q8NQE1"
"4BJR","B","1","Q8NQE0, Q8NQE1"
"4BTJ","A","1","Q5TCY1"
"4BTJ","B","1","Q5TCY1"
"4C0B","B","1","Q08685"
"4C0B","C","2","P39081"
"4C0B","A","1","Q08685"
"4C0B","D","2","P39081"
"4C5C","A","1","P07862"
"4C5C","B","1","P07862"
"4C69","X","1","Q60932"
"4CB0","A","1","P0AE82"
"4CB0","B","1","P0AE82"
"4CBU","A","1","P86287"
"4CBU","G","2","P13020"
"4CBW","G","2","P13020"
"4CBW","A","1","Q4Z1L3"
"4CBX","G","2","P13020"
"4CBX","A","1","Q4YU79"
"4CI6","A","1","G3CKA6"
"4CI6","B","2","Q93KQ6"
"4CO3","A","1","P70731"
"4CO3","B","1","P70731"
"4CO4","B","1","P70731"
"4CO4","C","1","P70731"
"4CO4","A","1","P70731"
"4CRM","P","1","Q03195"
"4CRM","X","2","P12385"
"4CT1","A","1","O15530"
"4CT2","A","1","O15530"
"4CTA","A","1","Q5SHB0"
"4CTA","B","2","Q5SHB0"
"4CW7","C","1","Q9UZK4"
"4CW7","F","2","P62010"
"4CW7","A","1","Q9UZK4"
"4CW7","D","2","P62010"
"4CW7","G","1","Q9UZK4"
"4CW7","B","2","P62010"
"4CW7","E","1","Q9UZK4"
"4CW7","H","2","P62010"
"4CYI","C","1","G0S0Y3"
"4CYI","F","1","G0S0Y3"
"4CYI","A","1","G0S0Y3"
"4CYI","D","1","G0S0Y3"
"4CYI","G","1","G0S0Y3"
"4CYI","B","1","G0S0Y3"
"4CYI","E","1","G0S0Y3"
"4CYI","H","1","G0S0Y3"
"4CYJ","C","1","G0S0Y3"
"4CYJ","F","2","G0SAK8"
"4CYJ","A","1","G0S0Y3"
"4CYJ","D","1","G0S0Y3"
"4CYJ","B","1","G0S0Y3"
"4CYJ","E","2","G0SAK8"
"4D79","C","1","Q46927"
"4D79","A","1","Q46927"
"4D79","D","1","Q46927"
"4D79","B","1","Q46927"
"4DH1","A","1","P05132"
"4DH1","I","2","P63248"
"4DH3","I","2","P63248"
"4DH3","A","1","P05132"
"4DIN","A","1","P05132"
"4DIN","B","2","P31321"
"4DLK","A","1","A0A0J9X1A2"
"4DLK","B","1","A0A0J9X1A2"
"4DQW","A","1","Q9HXM5"
"4DQW","B","1","Q9HXM5"
"4DTH","A","1","A0A0H3AIG7"
"4DTL","A","1","A0A0H3AIG7"
"4DUG","E","1","Q79PF4"
"4DUG","C","1","Q79PF4"
"4DUG","F","1","Q79PF4"
"4DUG","A","1","Q79PF4"
"4DUG","D","2","Q79PF4"
"4DUG","B","1","Q79PF4"
"4DW1","A","1","F8W463"
"4DX2","A","1","Q9HBA0"
"4DX2","B","1","Q9HBA0"
"4DXL","A","1","B1MKD5"
"4EAG","C","3","P80385"
"4EAG","A","1","O18645"
"4EAG","B","2","P80386"
"4EAH","H","1","P68135"
"4EAH","C","2","Q6ZPF4"
"4EAH","F","1","P68135"
"4EAH","A","2","Q6ZPF4"
"4EAH","D","1","P68135"
"4EAH","G","1","P68135"
"4EAH","B","2","Q6ZPF4"
"4EAH","E","2","Q6ZPF4"
"4EAJ","C","3","P80385"
"4EAJ","A","1","P54645"
"4EAJ","B","2","O43741"
"4EAK","C","3","P80385"
"4EAK","A","1","P54645"
"4EAK","B","2","P80386"
"4ED4","A","1","B1MKD5"
"4EDG","A","1","O05338"
"4EJ7","C","1","B0VD92"
"4EJ7","A","1","B0VD92"
"4EJ7","B","1","B0VD92"
"4EN4","A","1","O00764"
"4EN4","B","1","O00764"
"4EOJ","C","1","P24941"
"4EOJ","A","1","P24941"
"4EOJ","D","2","P20248"
"4EOJ","B","2","P20248"
"4EOM","B","2","P20248"
"4EOM","C","1","P24941"
"4EOM","A","1","P24941"
"4EOM","D","2","P20248"
"4EOO","C","1","P24941"
"4EOO","A","1","P24941"
"4EOO","D","2","P20248"
"4EOO","B","2","P20248"
"4EOQ","B","2","P20248"
"4EOQ","C","1","P24941"
"4EOQ","A","1","P24941"
"4EOQ","D","2","P20248"
"4ERP","C","1","P00452"
"4ERP","F","2","P69924"
"4ERP","A","1","P00452"
"4ERP","D","1","P00452"
"4ERP","G","2","P69924"
"4ERP","B","1","P00452"
"4ERP","E","2","P69924"
"4ERP","H","2","P69924"
"4F6T","A","2","P84308"
"4F6T","B","1","P84253"
"4F93","B","1","O75643"
"4FF2","C","2",""
"4FF2","A","1","Q859P9"
"4FF2","D","2",""
"4FF2","B","1","Q859P9"
"4FF3","D","2",""
"4FF3","B","1","Q859P9"
"4FF3","C","2",""
"4FF3","A","1","Q859P9"
"4FFL","A","1","Q46E79"
"4FFM","A","1","Q46E79"
"4FFN","A","1","Q46E79"
"4FFO","A","1","Q46E79"
"4FFR","A","1","Q46E79"
"4FG7","A","1","Q14012"
"4FG8","B","1","Q14012"
"4FG8","A","1","Q14012"
"4FG9","A","1","Q14012"
"4FG9","B","1","Q14012"
"4FHX","A","1","O13833"
"4FI1","A","1","P15790"
"4FO0","A","1","Q9H981"
"4FUT","A","1","Q6ND88"
"4FVQ","A","1","O60674"
"4FVR","A","1","O60674"
"4FWI","B","1","Q8RDH4"
"4FWM","A","1","O06961"
"4FXF","A","1","P14618"
"4FXF","D","1","P14618"
"4FXF","B","1","P14618"
"4FXF","C","1","P14618"
"4G5Y","B","1","P9WIL4"
"4G5Y","A","1","P9WIL4"
"4GNI","A","1","G0RZX9"
"4GNI","B","1","G0RZX9"
"4GP7","A","1","A3DJ38"
"4GP7","B","1","A3DJ38"
"4GT3","A","1","P63086"
"4GXQ","C","1","Q13WK3, Q6ND88"
"4GXQ","A","1","Q13WK3, Q6ND88"
"4GXQ","B","1","Q13WK3, Q6ND88"
"4GXR","A","1","Q13WK3, Q6ND88"
"4GY2","B","2","P68135"
"4GY2","A","1","Q46220"
"4H03","A","1","Q46220"
"4H03","B","2","P68135"
"4H0T","A","1","Q46220"
"4H0T","B","2","P68135"
"4H0V","A","1","Q46220"
"4H0V","B","2","P68135"
"4H0X","B","2","P68135"
"4H0X","A","1","Q46220"
"4H0Y","A","1","Q46220"
"4H0Y","B","2","P68135"
"4H2U","C","2","Q89VT6"
"4H2U","A","1","Q89VT8"
"4H2U","D","2","Q89VT6"
"4H2U","B","1","Q89VT8"
"4H2Y","B","1","Q89VT8"
"4H2Y","C","2","A9CHM9"
"4H2Y","A","1","Q89VT8"
"4H2Y","D","2","A9CHM9"
"4H4K","A","1","Q8U1S7"
"4H4K","C","2","Q8U1S6"
"4HDH","A","1","P27395"
"4HDH","B","1","P27395"
"4HNT","B","1","A0A0H3JRU9"
"4HNT","C","1","A0A0H3JRU9"
"4HNT","A","1","A0A0H3JRU9"
"4HNT","D","1","A0A0H3JRU9"
"4HNV","C","1","A0A0H3JRU9"
"4HNV","A","1","A0A0H3JRU9"
"4HNV","D","1","A0A0H3JRU9"
"4HNV","B","1","A0A0H3JRU9"
"4HOT","X","2",""
"4HOT","A","1","Q13325"
"4HUT","A","1","P31570"
"4HUT","B","1","P31570"
"4IFE","A","1","Q716H3"
"4II2","B","2","P0CH07"
"4II2","C","3","P46595"
"4II2","A","1","O94609"
"4II3","B","2","P0CH07"
"4II3","C","1","O94609"
"4II3","A","1","O94609"
"4II3","D","2","P0CH07"
"4IJM","C","1","Q79PF4"
"4IJM","F","1","Q79PF4"
"4IJM","A","1","Q79PF4"
"4IJM","D","1","Q79PF4"
"4IJM","B","1","Q79PF4"
"4IJM","E","1","Q79PF4"
"4ITM","A","1","O67572"
"4J2B","P","3",""
"4J2B","T","2",""
"4J2B","A","1","Q38087"
"4J2E","A","1","Q38087"
"4J2E","P","3",""
"4J2E","T","2",""
"4J5Y","F","1","Q9HUM0"
"4J5Y","A","1","Q9HUM0"
"4J5Y","D","1","Q9HUM0"
"4J5Y","B","1","Q9HUM0"
"4J5Y","E","1","Q9HUM0"
"4J5Y","C","1","Q9HUM0"
"4J7C","H","1","O32080"
"4J7C","C","1","O32080"
"4J7C","K","2","O32081"
"4J7C","F","1","O32080"
"4J7C","A","1","O32080"
"4J7C","I","2","O32081"
"4J7C","D","1","O32080"
"4J7C","L","2","O32081"
"4J7C","G","1","O32080"
"4J7C","B","1","O32080"
"4J7C","J","2","O32081"
"4J7C","E","1","O32080"
"4J90","B","1","O32080"
"4J90","A","1","O32080"
"4JD2","B","2","A7MB62"
"4JD2","E","5","Q3T035"
"4JD2","H","8","Q9ERL7"
"4JD2","C","3","Q58CQ2"
"4JD2","F","6","Q148J6"
"4JD2","A","1","P61157"
"4JD2","D","4","Q3MHR7"
"4JD2","G","7","Q3SYX9"
"4JN4","B","1","P0A6Y8"
"4JN4","A","1","P0A6Y8"
"4JNE","A","1","P0A6Y8"
"4JNE","B","1","P0A6Y8"
"4JXX","A","1","P00962"
"4JXX","B","2",""
"4JXZ","B","2",""
"4JXZ","A","1","P00962"
"4JYZ","B","2",""
"4JYZ","A","1","P00962"
"4K41","A","1","P68135"
"4K6R","A","1","P9WMN3"
"4K8O","A","1","P36370"
"4K97","E","3",""
"4K97","A","1","Q8C6L5"
"4K97","D","2",""
"4KB6","B","2",""
"4KB6","C","2",""
"4KB6","A","1","I3LM39"
"4KGM","B","1","Q3F0V8"
"4KGM","C","1","Q3F0V8"
"4KGM","A","1","Q3F0V8"
"4KGM","D","1","Q3F0V8"
"4KGV","C","1","E8Y328"
"4KGV","A","1","E8Y328"
"4KGV","D","2","E8Y329"
"4KGV","B","2","E8Y329"
"4KH0","B","2","E8Y329"
"4KH0","C","1","E8Y328"
"4KH0","A","1","E8Y328"
"4KH0","D","2","E8Y329"
"4KR7","M","2",""
"4KR7","A","1","Q9X220"
"4KR7","X","2",""
"4KR7","B","1","Q9X220"
"4LYA","A","1","A4IKE7"
"4M3R","A","1","Q38087"
"4M3R","P","3",""
"4M3R","T","2",""
"4M3T","T","2",""
"4M3T","A","1","Q38087"
"4M3T","P","3",""
"4M3U","T","2",""
"4M3U","A","1","Q38087"
"4M3U","P","3",""
"4M3W","T","2",""
"4M3W","A","1","Q38087"
"4M3W","P","3",""
"4M3X","P","3",""
"4M3X","T","2",""
"4M3X","A","1","Q38087"
"4M3Y","P","3",""
"4M3Y","T","2",""
"4M3Y","A","1","Q38087"
"4M3Z","P","3",""
"4M3Z","T","2",""
"4M3Z","A","1","Q38087"
"4M41","A","1","Q38087"
"4M41","P","3",""
"4M41","T","2",""
"4M42","A","1","Q38087"
"4M42","P","3",""
"4M42","T","2",""
"4M45","T","2",""
"4M45","A","1","Q38087"
"4M45","P","3",""
"4M63","C","2","P10987"
"4M63","A","1","A0A0J9X1N9"
"4M63","D","2","P10987"
"4M63","B","1","A0A0J9X1N9"
"4M63","E","2","P10987"
"4M9S","C","1","P30429"
"4M9S","F","2",""
"4M9S","A","1","P30429"
"4M9S","D","1","P30429"
"4M9S","G","2",""
"4M9S","B","1","P30429"
"4M9S","E","2",""
"4M9S","H","2",""
"4M9X","C","2",""
"4M9X","A","1","P30429"
"4M9X","D","2",""
"4M9X","B","1","P30429"
"4M9Y","B","1","P30429"
"4M9Y","C","2",""
"4M9Y","A","1","P30429"
"4M9Y","D","2",""
"4M9Z","C","1","P30429"
"4M9Z","F","2",""
"4M9Z","A","1","P30429"
"4M9Z","D","1","P30429"
"4M9Z","G","2",""
"4M9Z","B","1","P30429"
"4M9Z","E","2",""
"4M9Z","H","2",""
"4MB2","C","1","B6YXQ1"
"4MB2","A","1","B6YXQ1"
"4MB2","D","1","B6YXQ1"
"4MB2","B","1","B6YXQ1"
"4MWH","A","1","P15790"
"4N1A","H","2","D1A4H0"
"4N1A","A","1","D1A4G7"
"4N1A","E","1","D1A4G7"
"4N1A","J","2","D1A4H0"
"4N1A","B","1","D1A4G7"
"4N1A","G","2","D1A4H0"
"4N1A","K","2","D1A4H0"
"4N1A","C","1","D1A4G7"
"4NDO","A","2","P84308"
"4NDO","B","1","P84253"
"4NDP","B","1","P84253"
"4NDP","A","2","P84308"
"4NDQ","B","1","P84253"
"4NDQ","A","2","P84308"
"4NDR","A","2","P84308"
"4NDR","B","1","P84253"
"4NH0","A","1","D1A4G7"
"4NH0","B","1","D1A4G7"
"4O0M","B","1","Q79V60"
"4O0M","C","1","Q79V60"
"4O0M","A","1","Q79V60"
"4O4D","A","1","N9UNA8"
"4O4E","A","1","N9UNA8"
"4O4F","A","1","N9UNA8"
"4O5F","A","1","Q2T1M2"
"4O5F","B","1","Q2T1M2"
"4O7W","A","1","O57978"
"4OHW","A","1","P52874"
"4OI4","B","2","P39081"
"4OI4","U","2","P39081"
"4OI4","C","1","Q08685"
"4OI4","A","1","Q08685"
"4OI4","D","2","P39081"
"4OIO","E","4","Q8RQE7"
"4OIO","H","7",""
"4OIO","C","2","Q8RQE9"
"4OIO","F","5","Q5SKW1"
"4OIO","A","1","Q5SHR6"
"4OIO","D","3","Q8RQE8"
"4OIO","G","6",""
"4OIO","B","1","Q5SHR6"
"4OIP","E","4","Q8RQE7"
"4OIP","H","7",""
"4OIP","C","2","Q8RQE9"
"4OIP","F","5","Q5SKW1"
"4OIP","A","1","Q5SHR6"
"4OIP","I","8",""
"4OIP","D","3","Q8RQE8"
"4OIP","G","6",""
"4OIP","B","1","Q5SHR6"
"4OTS","A","1","Q30C70"
"4OTV","A","1","Q30C70"
"4OZN","B","1","B8ZYW1"
"4OZN","C","1","B8ZYW1"
"4OZN","A","1","B8ZYW1"
"4P1O","B","1","Q3TWN3"
"4P1O","A","1","Q3TWN3"
"4P33","A","1","P0A9V1"
"4P33","B","1","P0A9V1"
"4PKG","A","1","P68135"
"4PKG","G","2","P06396, P28289"
"4PKI","A","1","P68135"
"4PKI","G","2","P06396, P28289"
"4PL7","B","1","P62328, Q9P4D1"
"4PL7","A","1","P62328, Q9P4D1"
"4PL8","H","2","O75128, P62328"
"4PL8","A","1","P68135"
"4PL8","B","1","P68135"
"4PLA","A","1","D9IEF7, Q9BTU6"
"4PWX","A","1","Q12154"
"4PWX","D","3","Q12285"
"4PWX","B","1","Q12154"
"4PWX","E","2","Q12125"
"4PWX","C","2","Q12125"
"4PWX","F","3","Q12285"
"4Q4Z","C","2","Q8RQE9"
"4Q4Z","F","5","Q5SKW1"
"4Q4Z","A","1","Q9Z9H6"
"4Q4Z","D","3","Q8RQE8"
"4Q4Z","G","6",""
"4Q4Z","B","1","Q9Z9H6"
"4Q4Z","E","4","Q8RQE7"
"4Q4Z","H","7",""
"4Q5S","C","2","Q8RQE9"
"4Q5S","F","5","Q5SKW1"
"4Q5S","A","1","Q9Z9H6"
"4Q5S","I","8",""
"4Q5S","D","3","Q8RQE8"
"4Q5S","G","6",""
"4Q5S","B","1","Q9Z9H6"
"4Q5S","E","4","Q8RQE7"
"4Q5S","H","7",""
"4QC2","B","1","A0A0J9X1T5"
"4QC2","A","1","A0A0J9X1T5"
"4QDI","A","1","B7GVN5"
"4QF5","B","1","B7GVN5"
"4QF5","A","1","B7GVN5"
"4QNR","A","1","P37344"
"4QQX","D","2",""
"4QQX","G","1","Q47PJ0"
"4QQX","B","2",""
"4QQX","E","1","Q47PJ0"
"4QQX","H","2",""
"4QQX","C","1","Q47PJ0"
"4QQX","F","2",""
"4QQX","A","1","Q47PJ0"
"4QRE","A","1","A0A0B6XLD6"
"4R2L","A","1","P67091"
"4R2L","B","1","P67091"
"4RDI","A","1","Q46927"
"4RDI","D","1","Q46927"
"4RDI","B","1","Q46927"
"4RDI","C","1","Q46927"
"4RH7","A","1","Q8NCM8"
"4RQK","A","1","O15530"
"4RQV","A","1","O15530"
"4RRV","B","2","Q16513"
"4RRV","A","1","O15530"
"4RTF","D","1","I6Y7L1"
"4RV7","B","1","Q8Y5E4"
"4RV7","C","1","Q8Y5E4"
"4RV7","A","1","Q8Y5E4"
"4RV7","D","1","Q8Y5E4"
"4RX6","D","1","Q07428"
"4RX6","A","1","Q07428"
"4RX6","B","1","Q07428"
"4S1K","A","1","Q5EK29"
"4S1L","A","1","Q5EK29"
"4TL7","F","1","Q79PF4"
"4TL7","A","1","Q79PF4"
"4TL7","D","1","Q79PF4"
"4TL7","B","1","Q79PF4"
"4TL7","E","1","Q79PF4"
"4TL7","C","1","Q79PF4"
"4TQD","A","1","Q8PWY1"
"4TQF","A","1","Q8PWY1"
"4TSF","F","2","P00829"
"4TSF","A","1","P19483"
"4TSF","I","4","P01096"
"4TSF","D","2","P00829"
"4TSF","G","3","P05631"
"4TSF","B","1","P19483"
"4TSF","E","2","P00829"
"4TSF","H","4","P01096"
"4TSF","C","1","P19483"
"4TT3","E","2","P00829"
"4TT3","H","4","P01096"
"4TT3","C","1","P19483"
"4TT3","F","2","P00829"
"4TT3","A","1","P19483"
"4TT3","I","4","P01096"
"4TT3","D","2","P00829"
"4TT3","G","3","P05631"
"4TT3","B","1","P19483"
"4TT3","J","4","P01096"
"4TTQ","A","1","Q5ZVH3"
"4TU0","B","1","Q8JUX6"
"4TU0","F","2",""
"4TU0","C","1","Q8JUX6"
"4TU0","G","2",""
"4TU0","A","1","Q8JUX6"
"4TU0","D","1","Q8JUX6"
"4U07","B","1","Q9BVA6"
"4U07","A","1","Q9BVA6"
"4U0M","B","1","Q9KVG7"
"4U0M","A","1","Q9KVG7"
"4U1R","C","1","Q01813"
"4U1R","A","1","Q01813"
"4U1R","D","1","Q01813"
"4U1R","B","1","Q01813"
"4UP9","A","1","C4M7X2"
"4USI","C","1","A8JI83"
"4USI","A","1","A8JI83"
"4USI","B","1","A8JI83"
"4USJ","C","2","A8JI83"
"4USJ","A","1","Q9SCL7"
"4USJ","D","2","A8JI83"
"4USJ","B","1","Q9SCL7"
"4USW","A","1","Q96PN6"
"4V02","C","2","O67034"
"4V02","A","1","O67033"
"4V02","D","2","O67034"
"4V02","B","1","O67033"
"4V0U","G","3","Q5SWA1"
"4V0U","O","3","Q5SWA1"
"4V0U","J","2","P63087"
"4V0U","B","1","P68135"
"4V0U","M","1","P68135"
"4V0U","E","3","Q5SWA1"
"4V0U","H","2","P63087"
"4V0U","K","3","Q5SWA1"
"4V0U","C","1","P68135"
"4V0U","F","2","P63087"
"4V0U","N","2","P63087"
"4V0U","I","3","Q5SWA1"
"4V0U","A","1","P68135"
"4V0U","L","1","P68135"
"4V0U","D","2","P63087"
"4WAE","A","1","Q9UBF8"
"4WB5","I","2","P61925"
"4WB5","A","1","P17612"
"4WB6","I","3","P61925"
"4WB6","A","1","P17612"
"4WB6","J","3","P61925"
"4WB6","B","2","P17612"
"4WB7","A","1","P17612, P25685"
"4WB7","J","2","P61925"
"4WB7","B","1","P17612, P25685"
"4WB7","I","2","P61925"
"4WB8","A","1","P17612"
"4WB8","I","2","P61925"
"4WC0","A","1","O66728"
"4WC0","B","1","O66728"
"4WC4","A","1","O66728"
"4WC4","B","2",""
"4WC6","B","2",""
"4WC6","A","1","O66728"
"4WH3","A","1","E8MF12"
"4WQ4","D","2","P76256"
"4WQ4","B","1","P05852"
"4WQ4","C","2","P76256"
"4WQ4","A","1","P05852"
"4WQ5","C","2","P76256"
"4WQ5","A","1","P05852"
"4WQ5","D","2","P76256"
"4WQ5","B","1","P05852"
"4WTV","B","1","P00720, Q8TCG2"
"4WTV","A","1","P00720, Q8TCG2"
"4WVY","B","2","G0RYC2"
"4WVY","A","1","G0RYI5"
"4WYB","Y","2","P41697"
"4WYB","H","2","P41697"
"4WYB","P","2","P41697"
"4WYB","S","1","P68135"
"4WYB","C","1","P68135"
"4WYB","K","1","P68135"
"4WYB","V","2","P41697"
"4WYB","F","2","P41697"
"4WYB","N","2","P41697"
"4WYB","Q","1","P68135"
"4WYB","A","1","P68135"
"4WYB","I","1","P68135"
"4WYB","T","2","P41697"
"4WYB","D","2","P41697"
"4WYB","L","2","P41697"
"4WYB","X","1","P68135"
"4WYB","G","1","P68135"
"4WYB","O","1","P68135"
"4WYB","R","2","P41697"
"4WYB","B","2","P41697"
"4WYB","J","2","P41697"
"4WYB","U","1","P68135"
"4WYB","E","1","P68135"
"4WYB","M","1","P68135"
"4WZ6","A","1","P13569"
"4WZY","A","1","A1TH50"
"4X2D","A","1","C9YJ22"
"4X2D","D","1","C9YJ22"
"4X2D","B","1","C9YJ22"
"4X2D","C","1","C9YJ22"
"4X35","A","1","Q30C70"
"4X6R","A","1","P05132"
"4X6R","B","2","P00514"
"4XBR","A","1","O96013, Q96EL1"
"4XHO","A","1","A0A0F6FJ34"
"4XJX","A","1","P10486"
"4XJX","B","1","P10486"
"4XRU","C","3","C2M7I7"
"4XRU","F","3","C2M7I7"
"4XRU","A","1","C2M8N3"
"4XRU","D","1","C2M8N3"
"4XRU","B","2","C2M8N4"
"4XRU","E","2","C2M8N4"
"4XTR","E","2",""
"4XTR","C","2",""
"4XTR","F","3",""
"4XTR","A","1","Q12154"
"4XTR","D","3",""
"4XTR","G","4","E7M086"
"4XTR","B","1","Q12154"
"4XVU","F","3",""
"4XVU","g","4",""
"4XVU","A","1","Q12154"
"4XVU","I","2",""
"4XVU","D","3",""
"4XVU","L","3",""
"4XVU","G","1","Q12154"
"4XVU","B","1","Q12154"
"4XVU","J","3",""
"4XVU","E","2",""
"4XVU","a","4",""
"4XVU","H","1","Q12154"
"4XVU","C","2",""
"4XVU","K","2",""
"4XW5","A","1","P05132"
"4XW5","B","2","P61926"
"4XWO","N","1","Q12154"
"4XWO","V","3",""
"4XWO","F","3",""
"4XWO","Q","2",""
"4XWO","a","4",""
"4XWO","A","1","Q12154"
"4XWO","I","2",""
"4XWO","L","3",""
"4XWO","T","1","Q12154"
"4XWO","s","4",""
"4XWO","D","3",""
"4XWO","O","2",""
"4XWO","W","2",""
"4XWO","G","1","Q12154"
"4XWO","J","3",""
"4XWO","R","3",""
"4XWO","g","4",""
"4XWO","B","1","Q12154"
"4XWO","M","1","Q12154"
"4XWO","U","2",""
"4XWO","E","2",""
"4XWO","P","3",""
"4XWO","X","3",""
"4XWO","H","1","Q12154"
"4XWO","K","2",""
"4XWO","S","1","Q12154"
"4XWO","m","4",""
"4XWO","C","2",""
"4XX9","A","1","O15530"
"4XYJ","A","1","Q01813"
"4XYJ","D","1","Q01813"
"4XYJ","G","1","Q01813"
"4XYJ","B","1","Q01813"
"4XYJ","E","1","Q01813"
"4XYJ","H","1","Q01813"
"4XYJ","C","1","Q01813"
"4XYJ","F","1","Q01813"
"4YB7","A","1","Q5HSJ4"
"4YB7","I","1","Q5HSJ4"
"4YB7","D","1","Q5HSJ4"
"4YB7","L","1","Q5HSJ4"
"4YB7","G","1","Q5HSJ4"
"4YB7","B","1","Q5HSJ4"
"4YB7","J","1","Q5HSJ4"
"4YB7","E","1","Q5HSJ4"
"4YB7","H","1","Q5HSJ4"
"4YB7","C","1","Q5HSJ4"
"4YB7","K","1","Q5HSJ4"
"4YB7","F","1","Q5HSJ4"
"4YDS","A","1","Q4J9K9"
"4YMU","J","1","Q8RCC2"
"4YMU","C","2","Q8RCC3"
"4YMU","D","2","Q8RCC3"
"4YMU","A","1","Q8RCC2"
"4YMV","D","2","Q8RCC3"
"4YMV","A","1","Q8RCC2"
"4YMV","J","1","Q8RCC2"
"4YMV","C","2","Q8RCC3"
"4Z1M","D","2","P00829"
"4Z1M","G","3","P05631"
"4Z1M","J","4","P01096"
"4Z1M","B","1","P19483"
"4Z1M","E","2","P00829"
"4Z1M","H","4","P01096"
"4Z1M","C","1","P19483"
"4Z1M","F","2","P00829"
"4Z1M","A","1","P19483"
"4Z1M","I","4","P01096"
"4Z94","G","2","P06396, P28289, P29536"
"4Z94","A","1","P68135"
"4ZGN","A","1","Q9P7N5"
"4ZGN","B","2","P32481"
"4ZIB","A","1","Q8PWY1"
"4ZQX","A","1","Q5EK29"
"4ZS4","B","1","P42527"
"4ZS4","A","1","P42527"
"5A98","A","1","Q9ELS6"
"5A99","A","1","Q30C66"
"5A9P","A","1","Q30C70"
"5ACK","A","1","O15530"
"5AFU","6","4",""
"5AFU","H","6","Q6QAQ1"
"5AFU","P","12",""
"5AFU","b","19",""
"5AFU","1","1",""
"5AFU","C","5","F2Z5G5"
"5AFU","K","8","A0PFK5"
"5AFU","U","14","D0G6S1"
"5AFU","z","22",""
"5AFU","4","3",""
"5AFU","F","5","F2Z5G5"
"5AFU","N","11",""
"5AFU","Z","17",""
"5AFU","A","5","F2Z5G5"
"5AFU","I","5","F2Z5G5"
"5AFU","Q","13",""
"5AFU","c","20",""
"5AFU","2","2",""
"5AFU","D","5","F2Z5G5"
"5AFU","L","9","D2JYW4"
"5AFU","V","15",""
"5AFU","5","4",""
"5AFU","G","5","F2Z5G5"
"5AFU","O","12",""
"5AFU","a","18",""
"5AFU","B","5","F2Z5G5"
"5AFU","J","7","I3LHK5"
"5AFU","R","13",""
"5AFU","d","21",""
"5AFU","3","3",""
"5AFU","E","5","F2Z5G5"
"5AFU","M","10",""
"5AFU","Y","16",""
"5AXU","A","1","P11041"
"5BPM","A","1","P0DMV8"
"5BSM","A","1","O24146"
"5BSM","B","1","O24146"
"5BUR","A","1","P23971"
"5BUR","B","1","P23971"
"5CE3","B","2","Q93KQ6"
"5CE3","C","1","G3CKA6"
"5CE3","A","1","G3CKA6"
"5CE3","D","2","Q93KQ6"
"5COU","A","1","D2W2Z5"
"5CSH","B","1","P68400"
"5CSH","A","1","P68400"
"5CU6","A","1","P68400"
"5CVF","A","1","P68400"
"5CYR","A","1","Q6A562"
"5CYR","B","1","Q6A562"
"5D0H","B","1","V7LAR8"
"5D0H","A","1","V7LAR8"
"5D15","B","1","V7LAR8"
"5D15","A","1","V7LAR8"
"5D1O","A","1","O27289"
"5D1O","B","2","O27289"
"5D4C","F","5","Q72L95"
"5D4C","P","5","Q72L95"
"5D4C","A","1","Q9Z9H6"
"5D4C","K","1","Q9Z9H6"
"5D4C","D","3","Q8RQE8"
"5D4C","N","3","Q8RQE8"
"5D4C","G","6",""
"5D4C","R","6",""
"5D4C","B","1","Q9Z9H6"
"5D4C","L","1","Q9Z9H6"
"5D4C","E","4","Q8RQE7"
"5D4C","O","4","Q8RQE7"
"5D4C","H","7",""
"5D4C","S","7",""
"5D4C","C","2","Q8RQE9"
"5D4C","M","2","Q8RQE9"
"5D6J","A","1","A0R618"
"5D6J","B","2","Q12306"
"5D9H","B","1","Q9Z1W9"
"5D9H","A","1","Q9Z1W9"
"5DB4","B","1","B1MMZ4"
"5DB4","A","1","B1MMZ4"
"5DK4","A","1","P00953"
"5DN3","A","1","O14965"
"5DN6","C","4","A1B8N8"
"5DN6","K","9","A1B618"
"5DN6","S","9","A1B618"
"5DN6","V","10",""
"5DN6","1","1",""
"5DN6","F","5","A1B8P0"
"5DN6","N","9","A1B618"
"5DN6","Y","13",""
"5DN6","A","4","A1B8N8"
"5DN6","I","8","A1B8P1"
"5DN6","Q","9","A1B618"
"5DN6","D","5","A1B8P0"
"5DN6","L","9","A1B618"
"5DN6","T","9","A1B618"
"5DN6","W","11",""
"5DN6","2","2",""
"5DN6","G","6","A1B8N9"
"5DN6","O","9","A1B618"
"5DN6","Z","14",""
"5DN6","B","4","A1B8N8"
"5DN6","J","9","A1B618"
"5DN6","R","9","A1B618"
"5DN6","E","5","A1B8P0"
"5DN6","M","9","A1B618"
"5DN6","U","9","A1B618"
"5DN6","X","12","A1B619"
"5DN6","3","3",""
"5DN6","H","7","A1B8N7"
"5DN6","P","9","A1B618"
"5DNR","A","1","O14965"
"5DOS","A","1","O14965"
"5DR2","A","1","O14965"
"5DRD","A","1","O14965"
"5DT3","A","1","O14965"
"5DT4","A","1","O14965"
"5E3I","A","1","B0VKR7"
"5E3I","B","1","B0VKR7"
"5E84","A","1","P11021"
"5E84","D","1","P11021"
"5E84","B","1","P11021"
"5E84","E","1","P11021"
"5E84","C","1","P11021"
"5E84","F","1","P11021"
"5EOU","A","1","G3XD28, G3XD30"
"5EOU","B","1","G3XD28, G3XD30"
"5EP4","A","1","Q1ZS18"
"5ETL","C","1","P26281"
"5ETL","A","1","P26281"
"5ETL","D","1","P26281"
"5ETL","B","1","P26281"
"5ETN","A","1","P26281"
"5EWG","T","2",""
"5EWG","A","1","Q9Y253"
"5EWG","P","3",""
"5EXY","A","1","P11041"
"5EXZ","A","1","P11041"
"5F1C","A","1","G3MM57"
"5F1C","B","1","G3MM57"
"5F1C","C","1","G3MM57"
"5F1X","A","1","P11021"
"5F1X","B","1","P11021"
"5FL7","A","1","Q6C326"
"5FL7","I","5",""
"5FL7","R","6","Q37695"
"5FL7","D","2","Q6CFT7"
"5FL7","M","6","Q37695"
"5FL7","G","3","Q6C338"
"5FL7","P","6","Q37695"
"5FL7","B","1","Q6C326"
"5FL7","K","6","Q37695"
"5FL7","S","6","Q37695"
"5FL7","E","2","Q6CFT7"
"5FL7","N","6","Q37695"
"5FL7","H","4","Q6C877"
"5FL7","Q","6","Q37695"
"5FL7","C","1","Q6C326"
"5FL7","L","6","Q37695"
"5FL7","T","6","Q37695"
"5FL7","F","2","Q6CFT7"
"5FL7","O","6","Q37695"
"5FV0","A","1","A4IKE7"
"5FV0","B","1","A4IKE7"
"5FWK","K","3","P11802"
"5FWK","B","1","P08238"
"5FWK","E","2","Q16543"
"5FWK","A","1","P08238"
"5FWL","E","2","Q16543"
"5FWL","A","1","P08238"
"5FWL","K","3","P11802"
"5FWL","B","1","P08238"
"5FWM","K","3","P11802"
"5FWM","B","1","P08238"
"5FWM","E","2","Q16543"
"5FWM","A","1","P08238"
"5GJC","A","1","A0A142DS38"
"5HKK","G","3","F5LA73"
"5HKK","O","3","F5LA73"
"5HKK","B","1","F5LA74"
"5HKK","J","1","F5LA74"
"5HKK","E","2","F5LA72"
"5HKK","M","2","F5LA72"
"5HKK","H","4","F5LA71"
"5HKK","P","4","F5LA71"
"5HKK","C","1","F5LA74"
"5HKK","K","1","F5LA74"
"5HKK","F","2","F5LA72"
"5HKK","N","2","F5LA72"
"5HKK","A","1","F5LA74"
"5HKK","I","1","F5LA74"
"5HKK","D","2","F5LA72"
"5HKK","L","2","F5LA72"
"5I0N","A","1","D9IEF7, Q9BTU6"
"5I4N","A","1","O60674"
"5I9E","E","3","Q05471"
"5I9E","C","1","P80428"
"5I9E","H","3","Q05471"
"5I9E","A","1","P80428"
"5I9E","D","2","P60011"
"5I9E","B","2","P60011"
"5J1S","B","2","Q8NFQ8"
"5J1S","C","3",""
"5J1S","A","1","O14656"
"5J1T","B","2","Q8NFQ8"
"5J1T","C","3",""
"5J1T","A","1","O14656"
"5JM8","A","1",""
"5JM8","D","1",""
"5JM8","G","1",""
"5JM8","B","1",""
"5JM8","E","1",""
"5JM8","H","1",""
"5JM8","C","1",""
"5JM8","F","1",""
"5JRJ","A","1","Q9F672"
"5K3I","H","1","O62140"
"5K3I","C","1","O62140"
"5K3I","F","1","O62140"
"5K3I","A","1","O62140"
"5K3I","D","1","O62140"
"5K3I","G","1","O62140"
"5K3I","B","1","O62140"
"5K3I","E","1","O62140"
"5K3J","A","1","O62137"
"5K3J","B","1","O62137"
"5K8F","A","1","J9VFT1"
"5K8F","B","1","J9VFT1"
"5K8F","C","1","J9VFT1"
"5L4G","3","10","P49720"
"5L4G","C","3","P25789"
"5L4G","K","17","P43686"
"5L4G","S","6","P25786"
"5L4G","6","13","P28072"
"5L4G","F","6","P25786"
"5L4G","N","1","P60900"
"5L4G","V","9","P49721"
"5L4G","1","8","P20618"
"5L4G","A","1","P60900"
"5L4G","I","16","P62191"
"5L4G","Q","4","O14818"
"5L4G","Y","12","P28074"
"5L4G","4","11","P28070"
"5L4G","D","4","O14818"
"5L4G","L","18","P62333"
"5L4G","T","7","P25788"
"5L4G","7","14","Q99436"
"5L4G","G","7","P25788"
"5L4G","O","2","P25787"
"5L4G","W","10","P49720"
"5L4G","2","9","P49721"
"5L4G","B","2","P25787"
"5L4G","J","20","P62195"
"5L4G","R","5","P28066"
"5L4G","Z","13","P28072"
"5L4G","5","12","P28074"
"5L4G","E","5","P28066"
"5L4G","M","19","P17980"
"5L4G","U","8","P20618"
"5L4G","8","14","Q99436"
"5L4G","H","15","P35998"
"5L4G","P","3","P25789"
"5L4G","X","11","P28070"
"5LPY","A","1","O22476"
"7AT1","C","1","P0A786"
"7AT1","A","1","P0A786"
"7AT1","D","2","P0A7F3"
"7AT1","B","2","P0A7F3"
"8ICN","P","2",""
"8ICN","T","1",""
"8ICN","A","3","P06746"


